Test_Name,Hotel_Name
Sol Pelicanos Ocas,Sol Pelicanos Ocas
Presidente,Presidente
Ambassador Playa II,Ambassador Playa II
Sunset Beach Club,Sunset Beach Club
Levante Club Apartments,Levante Club Apartments
Dynastic,Dynastic
Costa Adeje Gran Hotel,Costa Adeje Gran Hotel
Flash Hotel Benidorm,Flash Hotel Benidorm
Clube Praia Da Rocha,Clube Praia Da Rocha
Gran Hotel Cervantes,Gran Hotel Cervantes
The Liner,The Liner
Parque Santiago III,Parque Santiago III
Gala Placidia,Gala Placidia
Paraiso Albufeira,Paraiso Albufeira
Benalmadena Palace,Benalmadena Palace
Isla Bonita,Isla Bonita
Mediterranean Palace,Mediterranean Palace
Bali,Bali
Royal Albatros Moderna,Royal Albatros Moderna
Rosamar,Rosamar
Ondamar,Ondamar
BelleVue Aquarius Apartments,BelleVue Aquarius Apartments
Columbus,Columbus
Hotel Marina,Hotel Marina
Las Piramides,Las Piramides
Servatur Terrazamar SunSuite,Servatur Terrazamar SunSuite
Perla,Perla
Atlantis Las Lomas,Atlantis Las Lomas
The Gibson Hotel,The Gibson Hotel
Servigroup Pueblo Benidorm,Servigroup Pueblo Benidorm
TRH Jardin Del Mar,TRH Jardin Del Mar
Las Palmeras,Las Palmeras
Deya,Deya
Ponderosa,Ponderosa
BelleVue Club Bellevue,BelleVue Club Bellevue
Altamar,Altamar
Servigroup Orange,Servigroup Orange
Sol Timor Apartments,Sol Timor Apartments
Los Dalmatas,Los Dalmatas
Riviera Beach Hotel,Riviera Beach Hotel
Melia Benidorm,Melia Benidorm
Crowne Plaza Vilamoura,Crowne Plaza Vilamoura
Marina Portals,Marina Portals
Blue Star,Blue Star
Pyr Marbella,Pyr Marbella
Fanabe Costa Sur,Fanabe Costa Sur
Brisa Sol,Brisa Sol
Auramar Beach Resort,Auramar Beach Resort
Blue Sea St George's Park and La Vallette Resort,Blue Sea St George's Park and La Vallette Resort
Gran Hotel Bali,Gran Hotel Bali
Vistamar,Vistamar
Sol Lanzarote,Sol Lanzarote
Sol E Mar,Sol E Mar
Hotel Beatriz Playa and Spa,Hotel Beatriz Playa and Spa
La Jabega,La Jabega
FERGUS Pollensa Park and Spa,FERGUS Pollensa Park and Spa
Laguna Park I,Laguna Park I
Vistamar,Vistamar
Sol Princesa Dacil,Sol Princesa Dacil
Elba Carlota,Elba Carlota
Oasis Lanz Club,Oasis Lanz Club
Cleopatra Palace,Cleopatra Palace
VIK Hotel San Antonio,VIK Hotel San Antonio
Gran Oasis Resort,Gran Oasis Resort
El Trebol,El Trebol
Hotel Algarb,Hotel Algarb
Tivoli Marina Vilamoura,Tivoli Marina Vilamoura
La Siesta Hotel,La Siesta Hotel
Paraiso 10,Paraiso 10
Rosen Inn at Pointe Orlando,Rosen Inn at Pointe Orlando
Servigroup Venus,Servigroup Venus
Clube Praia Da Oura,Clube Praia Da Oura
Cerro Mar Atlantico ex Cerro Mar,Cerro Mar Atlantico ex Cerro Mar
Zentral Center,Zentral Center
Sol Principe,Sol Principe
Fuengirola Beach,Fuengirola Beach
Sun Beach,Sun Beach
Sol Trinidad,Sol Trinidad
Caribe,Caribe
HM Martinique,HM Martinique
Buensol,Buensol
Vilanova,Vilanova
Mare Nostrum,Mare Nostrum
Regente Hotel,Regente Hotel
Castillo De Sol,Castillo De Sol
Galeon Playa,Galeon Playa
Explorers Hotel at Disneyland Paris,Explorers Hotel at Disneyland Paris
Apartamentos Maryciel,Apartamentos Maryciel
Iberostar Las Dalias,Iberostar Las Dalias
Magic Rock Gardens,Magic Rock Gardens
Sol Aloha Puerto,Sol Aloha Puerto
Celeste,Celeste
Castle Harbour,Castle Harbour
Caybeach sun,Caybeach sun
Rubimar Suite,Rubimar Suite
Hotel Roc Flamingo,Hotel Roc Flamingo
Villa Flamenca,Villa Flamenca
The Bugibba Hotel,The Bugibba Hotel
Temptation Resort and Spa,Temptation Resort and Spa
Florida Magalluf,Florida Magalluf
Clarion Hotel Liffey Valley,Clarion Hotel Liffey Valley
Costa Sal,Costa Sal
Magic Cristal Park,Magic Cristal Park
Solaqua,Solaqua
Halley,Halley
Medplaya Calypso,Medplaya Calypso
Gloria Palace Amadores,Gloria Palace Amadores
Croke Park Hotel,Croke Park Hotel
Bewleys Hotel Dublin Airport,Bewleys Hotel Dublin Airport
Sol Guadalupe,Sol Guadalupe
Seabank All Inclusive Resort,Seabank All Inclusive Resort
Geranios Suites,Geranios Suites
Elba Sara,Elba Sara
DoubleTree by Hilton Dublin Burlington Road,DoubleTree by Hilton Dublin Burlington Road
Luxmar,Luxmar
Vila Petra Aparthotel,Vila Petra Aparthotel
Evamar Apartments,Evamar Apartments
Isabel Hotel,Isabel Hotel
Sol Mirlos Tordos All Inclusive,Sol Mirlos Tordos All Inclusive
Laguna Park II,Laguna Park II
Beatriz Costa And Spa,Beatriz Costa And Spa
Santa Eulalia Suite Hotel and Spa,Santa Eulalia Suite Hotel and Spa
Don Bigote,Don Bigote
Apartamentos Elena,Apartamentos Elena
Samos Hotel,Samos Hotel
Paradise Park Resort and Spa,Paradise Park Resort and Spa
TRH Mijas,TRH Mijas
Dream Noelia Sur,Dream Noelia Sur
Holiday Center,Holiday Center
Las Marismas De Corralejo,Las Marismas De Corralejo
Club Caleta Dorada,Club Caleta Dorada
Internacional II,Internacional II
Greenfield,Greenfield
Caleta Garden,Caleta Garden
Los Zocos,Los Zocos
Bungalows Castillo Playa,Bungalows Castillo Playa
Kavala Studios,Kavala Studios
FERGUS Barracuda,FERGUS Barracuda
Vila Recife,Vila Recife
Aparthotel La Era Park,Aparthotel La Era Park
Eden,Eden
Servigroup Calypso,Servigroup Calypso
Comodoro,Comodoro
Aquasol,Aquasol
La Geria,La Geria
Tropical Sol,Tropical Sol
Palm Court,Palm Court
Villa Del Mar,Villa Del Mar
Mediterraneo,Mediterraneo
Marconfort Benidorm Suites,Marconfort Benidorm Suites
Tara Towers,Tara Towers
Parque De La Paz,Parque De La Paz
Monica Isabel Beach Club,Monica Isabel Beach Club
FERGUS Tobago,FERGUS Tobago
Iberostar Bouganville Playa,Iberostar Bouganville Playa
Ouratlantico,Ouratlantico
Marina Suites,Marina Suites
Alpha,Alpha
Dream Castle,Dream Castle
TRH Torrenova,TRH Torrenova
Club Marthas,Club Marthas
Santa Rosa,Santa Rosa
Voyage Belek Golf and Spa,Voyage Belek Golf and Spa
Oasis Duna,Oasis Duna
Gran Guadalpin Banus,Gran Guadalpin Banus
Xperience Sea Breeze,Xperience Sea Breeze
Koka,Koka
Marinas De Nerja,Marinas De Nerja
H10 Las Palmeras,H10 Las Palmeras
Porta Nova,Porta Nova
Clube Alvorferias,Clube Alvorferias
Marconfort Beach Club Hotel,Marconfort Beach Club Hotel
Sandos Monaco Hotel and Spa,Sandos Monaco Hotel and Spa
Vista Sol Aparthotel,Vista Sol Aparthotel
Caybeach Caleta,Caybeach Caleta
Rosa Del Mar,Rosa Del Mar
Dunas Caleta Club,Dunas Caleta Club
Be Live La Nina,Be Live La Nina
Apartments Andorra,Apartments Andorra
Tropic Garden,Tropic Garden
Blue Sea San Anton Hotel And Apartments,Blue Sea San Anton Hotel And Apartments
Rocas Blancas,Rocas Blancas
Iberostar Torviscas Playa,Iberostar Torviscas Playa
Hesperia Lanzarote,Hesperia Lanzarote
Park Inn by Radisson Berlin Alexanderplatz,Park Inn by Radisson Berlin Alexanderplatz
Dream Gran Castillo Resort & Spa,Dream Gran Castillo Resort & Spa
Tivoli Lagos,Tivoli Lagos
Troya Hotel,Troya Hotel
Don Paquito,Don Paquito
Mont Park,Mont Park
Best Siroco,Best Siroco
Marina Corfu/Skorpios,Marina Corfu/Skorpios
Suite Hotel Elba Castillo San Jorge & Antigua,Suite Hotel Elba Castillo San Jorge & Antigua
Apartment Fariones,Apartment Fariones
Marina Torrenova,Marina Torrenova
Jurys Inn Glasgow,Jurys Inn Glasgow
Bungalows Barranco,Bungalows Barranco
Pyr Fuengirola,Pyr Fuengirola
Sheraton Fuerteventura,Sheraton Fuerteventura
Plaza Palmeras,Plaza Palmeras
Sol Tenerife,Sol Tenerife
San Marcial,San Marcial
Bitacora Club,Bitacora Club
H. Top Molinos Park,H. Top Molinos Park
Riosol,Riosol
Villa Romana,Villa Romana
Hotel Volcan Lanzarote,Hotel Volcan Lanzarote
Benal Beach,Benal Beach
Marconfort Griego Mar,Marconfort Griego Mar
Helios,Helios
Pierre and Vacances Benalmadena Principe,Pierre and Vacances Benalmadena Principe
Princesa Yaiza,Princesa Yaiza
Hampton by Hilton Liverpool City Centre,Hampton by Hilton Liverpool City Centre
Best Triton,Best Triton
Playa Club,Playa Club
Clube Humbria,Clube Humbria
Myramar Castle Beach,Myramar Castle Beach
Costa Portals,Costa Portals
Playazul Apartments,Playazul Apartments
Aquarium II,Aquarium II
Sol Don Pablo,Sol Don Pablo
Toboso Apar Turis,Toboso Apar Turis
Jurys Inn Belfast,Jurys Inn Belfast
Ashling Hotel,Ashling Hotel
Estival Park,Estival Park
Hilton Liverpool,Hilton Liverpool
Mallorca Rocks,Mallorca Rocks
Sol Costa Daurada,Sol Costa Daurada
New Payma Apartments,New Payma Apartments
Buenos Aires,Buenos Aires
San Remo - S Estanyol Complex Ibiza,San Remo - S Estanyol Complex Ibiza
THB Flora Hotel,THB Flora Hotel
La Barracuda,La Barracuda
Plaza Azul,Plaza Azul
Buenavista,Buenavista
Vila Gale Ampalius,Vila Gale Ampalius
Unique Novum Dortmund Hauptbahnhof,Unique Novum Dortmund Hauptbahnhof
Gemelos XXII,Gemelos XXII
Ronda 4 Apartments,Ronda 4 Apartments
Palm Beach,Palm Beach
Moreyo,Moreyo
North Star Hotel and Premier Club Suites,North Star Hotel and Premier Club Suites
Real Bellavista,Real Bellavista
Aguamar,Aguamar
Dorada Palace Hotel,Dorada Palace Hotel
Jurys Inn Custom House,Jurys Inn Custom House
Hesperia Playas De Mallorca,Hesperia Playas De Mallorca
Jurys Inn Parnell Street,Jurys Inn Parnell Street
Ferrycarrig Hotel,Ferrycarrig Hotel
Canifor,Canifor
Cordial Mogan Valle Apartments,Cordial Mogan Valle Apartments
Fuerte Miramar Spa,Fuerte Miramar Spa
Lomo Blanco,Lomo Blanco
Hovima Santa Maria Aparthotel,Hovima Santa Maria Aparthotel
Barcarola,Barcarola
Suite Hotel Atlantis Fuerteventura Resort,Suite Hotel Atlantis Fuerteventura Resort
El Trebol,El Trebol
Jacaranda,Jacaranda
Ferrera Blanca Apartments,Ferrera Blanca Apartments
Jurys Inn Liverpool,Jurys Inn Liverpool
Apartamentos Nuriasol,Apartamentos Nuriasol
Hotel Tropical,Hotel Tropical
Holiday Inn Stuttgart,Holiday Inn Stuttgart
RH Victoria,RH Victoria
Las Piramides,Las Piramides
Sands Beach Resort,Sands Beach Resort
Cavalieri Art Hotel,Cavalieri Art Hotel
Be Live Grand Teguise Playa,Be Live Grand Teguise Playa
Parque Mourabel/Pe Do Lago/Oasis Village,Parque Mourabel/Pe Do Lago/Oasis Village
Choromar Apartments,Choromar Apartments
Sol Lunamar Apartments,Sol Lunamar Apartments
Jutlandia,Jutlandia
Broncemar Beach,Broncemar Beach
Hotel Arlington,Hotel Arlington
TRH Magaluf,TRH Magaluf
Tivoli Victoria,Tivoli Victoria
Hotel Globales Pionero/Globales Santa Ponsa Park,Hotel Globales Pionero/Globales Santa Ponsa Park
Apartments Siroco,Apartments Siroco
VIK Gran Costa Del Sol,VIK Gran Costa Del Sol
H10 Conquistador,H10 Conquistador
Hesperia Playa Dorada,Hesperia Playa Dorada
Ola Bouganvillia Apartamentos,Ola Bouganvillia Apartamentos
Marina Luz,Marina Luz
Montana Club Aparthotel,Montana Club Aparthotel
Apartments Hesperia Bristol Playa,Apartments Hesperia Bristol Playa
Las Rampas,Las Rampas
Apts. Picasso,Apts. Picasso
Stella Maris Apartments,Stella Maris Apartments
Roc Linda,Roc Linda
Eden Resort,Eden Resort
Los Jameos Playa,Los Jameos Playa
Flamingo Playa,Flamingo Playa
Orvay Apartments,Orvay Apartments
Holiday Inn Glasgow Airport,Holiday Inn Glasgow Airport
Hotel Royal,Hotel Royal
THB Royal,THB Royal
Jardin Tropical,Jardin Tropical
Hi Bouganvilla Park Aparthotel,Hi Bouganvilla Park Aparthotel
Eden,Eden
Iberostar Lanzarote Park,Iberostar Lanzarote Park
Costa Volcan,Costa Volcan
Tinerfe Garden,Tinerfe Garden
Las Floritas Apartamentos,Las Floritas Apartamentos
Limak Lara Deluxe,Limak Lara Deluxe
Garbi Ibiza and Spa Hotel,Garbi Ibiza and Spa Hotel
Parquemar,Parquemar
Puerto Plata,Puerto Plata
Gresham,Gresham
Hilton Frankfurt,Hilton Frankfurt
Poniente Playa,Poniente Playa
Corbeta,Corbeta
Balaia Golf Village,Balaia Golf Village
Eugenia Victoria,Eugenia Victoria
Dormero Hotel Hannover,Dormero Hotel Hannover
Cordial Golf Plaza,Cordial Golf Plaza
Caledonia Dunas Club,Caledonia Dunas Club
Express By Holiday Inn Frankfurt Airport,Express By Holiday Inn Frankfurt Airport
Club Cala Romani,Club Cala Romani
Apartamentos Los Hibiscos,Apartamentos Los Hibiscos
Iberostar Solaria,Iberostar Solaria
Portofino and Sorrento,Portofino and Sorrento
Hampton by Hilton Birmingham Broad Street,Hampton by Hilton Birmingham Broad Street
Strand Palace,Strand Palace
La Penita,La Penita
La Florida,La Florida
Luna Alvor Bay Beach and Sun,Luna Alvor Bay Beach and Sun
Hotel Sandos Papagayo Arena,Hotel Sandos Papagayo Arena
Radisson Blu Liverpool,Radisson Blu Liverpool
Bahia Del Sol,Bahia Del Sol
Marola Portosin Apartments,Marola Portosin Apartments
Club Santa Ponsa,Club Santa Ponsa
Bungalows Cordial Green Golf,Bungalows Cordial Green Golf
Prince Park,Prince Park
Levante Club Hotel,Levante Club Hotel
Grande Real Santa Eulalia Resort,Grande Real Santa Eulalia Resort
Villa De Adeje Beach,Villa De Adeje Beach
Alfagar Apartments,Alfagar Apartments
Los Salmones,Los Salmones
Blue Sea Callao Garden,Blue Sea Callao Garden
Neptuno,Neptuno
Tropico Playa,Tropico Playa
Imperial,Imperial
Tryp Oceanic,Tryp Oceanic
Jable Bermudas,Jable Bermudas
Lagotel,Lagotel
Los Patos,Los Patos
Piscis Park,Piscis Park
Jupiter,Jupiter
Los Fariones,Los Fariones
Don Curro,Don Curro
Puerto Caleta,Puerto Caleta
Ifa Buenaventura,Ifa Buenaventura
Intercity Bremen,Intercity Bremen
Delphin Imperial Lara,Delphin Imperial Lara
Sol Don Pedro,Sol Don Pedro
Hilton Mainz,Hilton Mainz
Intertur Hotel Miami Ibiza,Intertur Hotel Miami Ibiza
Jurys Inn Birmingham,Jurys Inn Birmingham
Jaime I,Jaime I
Vila Gale Marina,Vila Gale Marina
Falcon Naama Star,Falcon Naama Star
Britannia Adelphi,Britannia Adelphi
Reveron,Reveron
The Cleopatra Luxury Resort,The Cleopatra Luxury Resort
Milord's Suites,Milord's Suites
Dunas Mirador,Dunas Mirador
Steigenberger Grandhotel Handelshof Leipzig,Steigenberger Grandhotel Handelshof Leipzig
Vistaflor Bungalows,Vistaflor Bungalows
Rocamar Exclusive Hotel,Rocamar Exclusive Hotel
H10 Lanzarote Princess,H10 Lanzarote Princess
Club Tonga,Club Tonga
Lopesan Costa Meloneras Resort Spa and Casino,Lopesan Costa Meloneras Resort Spa and Casino
Deloix Aqua Center,Deloix Aqua Center
Los Gracioseros,Los Gracioseros
Marco Polo 1,Marco Polo 1
Hotel Cabello,Hotel Cabello
Radisson Blu Hotel,Radisson Blu Hotel
Kyriad Hotel At The Disneyland Resort Paris,Kyriad Hotel At The Disneyland Resort Paris
H10 Andalucia Plaza,H10 Andalucia Plaza
Days Hotel Manchester,Days Hotel Manchester
Palma Bay Club,Palma Bay Club
Sultan Gardens Resort,Sultan Gardens Resort
Neptuno Apartments,Neptuno Apartments
Roc Portonova Apartments,Roc Portonova Apartments
Avenida Apartments,Avenida Apartments
El Pinar,El Pinar
Luna Olympus ,Luna Olympus 
Apartamentos Globales Nova,Apartamentos Globales Nova
Be Live Playa La Arena Hotel,Be Live Playa La Arena Hotel
Fuerteventura Beach Club,Fuerteventura Beach Club
Molina Lario,Molina Lario
Hilton Cologne,Hilton Cologne
Stella Polaris Oro Blanco,Stella Polaris Oro Blanco
Roc Leo Hotel,Roc Leo Hotel
Die Port Van Cleve,Die Port Van Cleve
Intertur Hotel Hawaii Ibiza,Intertur Hotel Hawaii Ibiza
Apartotel Terralta,Apartotel Terralta
Ola Club Panama,Ola Club Panama
Sol Azur Beach Hotel,Sol Azur Beach Hotel
Jurys Inn Newcastle,Jurys Inn Newcastle
Oasis Apartments,Oasis Apartments
Magalluf Playa,Magalluf Playa
El Dorado,El Dorado
Mgm Grand,Mgm Grand
Las Arenas,Las Arenas
Samba,Samba
Intertur Hotel Hawaii Mallorca,Intertur Hotel Hawaii Mallorca
Hilton Munich Park,Hilton Munich Park
Vincci Seleccion Posada del Patio,Vincci Seleccion Posada del Patio
Costa Sur,Costa Sur
Hm Jaime III,Hm Jaime III
Mercure Manchester Piccadilly,Mercure Manchester Piccadilly
Vila Gale Cerro Alagoa,Vila Gale Cerro Alagoa
Confortel Fuengirola,Confortel Fuengirola
Riu Costa Lago,Riu Costa Lago
Goldcity Tourism Complex,Goldcity Tourism Complex
Parque Tropical,Parque Tropical
Hotel Senator Marbella,Hotel Senator Marbella
Africamar,Africamar
Servatur Barbados,Servatur Barbados
Apartamentos Globales Costa Tropical,Apartamentos Globales Costa Tropical
Ecuador Park,Ecuador Park
Atlantic Tower by Thistle,Atlantic Tower by Thistle
Sol Wave House Mallorca,Sol Wave House Mallorca
The Corralejo Beach,The Corralejo Beach
The Venetian Resort Hotel Casino,The Venetian Resort Hotel Casino
Dorint,Dorint
Balcon Europa,Balcon Europa
Magic Tropicana Suites,Magic Tropicana Suites
NH Grand Krasnapolsky,NH Grand Krasnapolsky
Melia Costa Del Sol,Melia Costa Del Sol
Reveron Plaza,Reveron Plaza
Hotel Belvedere,Hotel Belvedere
Luna Forte Da Oura,Luna Forte Da Oura
Dom Jose Beach Hotel,Dom Jose Beach Hotel
Playa Real Resort,Playa Real Resort
HG Tenerife Sur Apartments,HG Tenerife Sur Apartments
Bahia Principe Tenerife,Bahia Principe Tenerife
Gran Hotel Flamingo,Gran Hotel Flamingo
Flamingo Oasis Hotel,Flamingo Oasis Hotel
Intertur Hawaii Torrenova Aparthotel,Intertur Hawaii Torrenova Aparthotel
Apartamentos Jet,Apartamentos Jet
Marina Delfin Verde,Marina Delfin Verde
Saint Giles,Saint Giles
Torrequebrada,Torrequebrada
Uyal,Uyal
Duva,Duva
Estudios Benidorm,Estudios Benidorm
Gran Hotel Bahia del Duque Resort,Gran Hotel Bahia del Duque Resort
Aparthotel Cye Holiday Centre,Aparthotel Cye Holiday Centre
Santa Susanna Resort,Santa Susanna Resort
Pestana Dom Joao II Villas and Beach Resort,Pestana Dom Joao II Villas and Beach Resort
Ibiza Rocks,Ibiza Rocks
Aparthotel Atlantic Garden,Aparthotel Atlantic Garden
Helios Mallorca,Helios Mallorca
Minerva Jupiter Apartments,Minerva Jupiter Apartments
Temple Bar,Temple Bar
Ramada Liberty Hotel,Ramada Liberty Hotel
Hotel Algarve Casino,Hotel Algarve Casino
Bungalows Vista Oasis,Bungalows Vista Oasis
Hotel Medano,Hotel Medano
Apartamentos MS Alay,Apartamentos MS Alay
Fiesta Playa Paraiso,Fiesta Playa Paraiso
Barut Lara Resort And Spa,Barut Lara Resort And Spa
Fiesta Park,Fiesta Park
Complejo Calas de Mallorca,Complejo Calas de Mallorca
Be Live Lanzarote Resort,Be Live Lanzarote Resort
Hacienda Del Sol,Hacienda Del Sol
Guacimeta Apartments,Guacimeta Apartments
Palma Bay Sahara-Nubia-Gobi,Palma Bay Sahara-Nubia-Gobi
MS Aguamarina Aparthotel,MS Aguamarina Aparthotel
Central Park Hotel,Central Park Hotel
Viva Sunrise,Viva Sunrise
Vilabranca Apartments,Vilabranca Apartments
Galaxy Macau - Hotel Okura Macau,Galaxy Macau - Hotel Okura Macau
Los Pueblos,Los Pueblos
Hotel Jimesol,Hotel Jimesol
Best Tenerife,Best Tenerife
Sahara Sunset Club,Sahara Sunset Club
Marco Polo 2,Marco Polo 2
AxelBeach Maspalomas Apartments and Lounge Club,AxelBeach Maspalomas Apartments and Lounge Club
Fuertesol,Fuertesol
Apartments Jardin Del Atlantico,Apartments Jardin Del Atlantico
Vina del Mar,Vina del Mar
Best Western Sheldon Park,Best Western Sheldon Park
Opera Plaza Hotel Marrakech,Opera Plaza Hotel Marrakech
Holiday Inn BIRMINGHAM AIRPORT,Holiday Inn BIRMINGHAM AIRPORT
Queens Hotel,Queens Hotel
Sunrise Tirana Aquapark,Sunrise Tirana Aquapark
Hotel Brisa,Hotel Brisa
Best Western Grand City Hotel Frankfurt,Best Western Grand City Hotel Frankfurt
Anthea Cyprus,Anthea Cyprus
San Fermin,San Fermin
Sol Beach House Cala Blanca Adults Only,Sol Beach House Cala Blanca Adults Only
Primavera Park ,Primavera Park 
Servigroup Rialto,Servigroup Rialto
Don Jorge Apartments,Don Jorge Apartments
Aparthotel Paradise Club And Spa,Aparthotel Paradise Club And Spa
Rosy Apartments,Rosy Apartments
El Mouradi Gammarth,El Mouradi Gammarth
Playamar,Playamar
Hesperia Sabinal,Hesperia Sabinal
Hotel Seramar Comodoro Playa,Hotel Seramar Comodoro Playa
Ambassador Sweet,Ambassador Sweet
H10 Lanzarote Gardens,H10 Lanzarote Gardens
Lima,Lima
Titanic Beach Spa And Aqua Park,Titanic Beach Spa And Aqua Park
Park Plaza Suites,Park Plaza Suites
Malibu Park Aparthotel,Malibu Park Aparthotel
The Lake Spa Resort,The Lake Spa Resort
Oura View Beach Club,Oura View Beach Club
Hotel Antemare Spa,Hotel Antemare Spa
Aparthotel Andorra,Aparthotel Andorra
Park Plaza Westminster Bridge,Park Plaza Westminster Bridge
Ebano,Ebano
Dingle Skellig Hotel,Dingle Skellig Hotel
THB Tropical Island,THB Tropical Island
Voramar,Voramar
Hilton Sharks Bay Resort,Hilton Sharks Bay Resort
Salthill,Salthill
Capri,Capri
Roc Lago Rojo,Roc Lago Rojo
Capital Coast Resort And Spa,Capital Coast Resort And Spa
Jurys Inn Manchester,Jurys Inn Manchester
Apartments Villa Concha,Apartments Villa Concha
Aparthotel Puerto Carmen,Aparthotel Puerto Carmen
Palmet Resort and Beach,Palmet Resort and Beach
Oasis Mango,Oasis Mango
Hotel Da Rocha,Hotel Da Rocha
Romantic,Romantic
Hovima Club Atlantis,Hovima Club Atlantis
Tropitel Naama Bay Hotel And Aqua Park,Tropitel Naama Bay Hotel And Aqua Park
Vistasur,Vistasur
Luna Alvor Village,Luna Alvor Village
Carlos V Apartments,Carlos V Apartments
Playa Pocillos Apartments,Playa Pocillos Apartments
Oceanus,Oceanus
DoubleTree by Hilton Hotel Manchester Piccadilly,DoubleTree by Hilton Hotel Manchester Piccadilly
Wynn Hotel and Casino,Wynn Hotel and Casino
Castillo Beach Puerto,Castillo Beach Puerto
Carlton Hotel Edinburgh,Carlton Hotel Edinburgh
Scotts Hotel Killarney,Scotts Hotel Killarney
RH Princesa,RH Princesa
Princesa Playa,Princesa Playa
Hotel Belroy,Hotel Belroy
Agir,Agir
Beverly Park,Beverly Park
Pateo Village,Pateo Village
Sofitel Budapest Chain Bridge,Sofitel Budapest Chain Bridge
Solar De Sao Joao,Solar De Sao Joao
Daina Hotel,Daina Hotel
Sharm Grand Plaza,Sharm Grand Plaza
Suite Fariones Playa,Suite Fariones Playa
San Pawl Hotel,San Pawl Hotel
Mirachoro Praia,Mirachoro Praia
Pueblo Torviscas,Pueblo Torviscas
Jaz Mirabel Club,Jaz Mirabel Club
Clarion Hotel Dublin Ifsc,Clarion Hotel Dublin Ifsc
Dom Pedro Marina,Dom Pedro Marina
Monte Verde,Monte Verde
Terrace Club,Terrace Club
Hotel Nadal,Hotel Nadal
Villamarina Club Hotel,Villamarina Club Hotel
Doramar,Doramar
Eva,Eva
Sol Barbacan,Sol Barbacan
Joya,Joya
Eurostars Grand Central,Eurostars Grand Central
Central Park,Central Park
Travelodge Kings Cross Royal Scott,Travelodge Kings Cross Royal Scott
Kempinski Hotel Bristol Berlin,Kempinski Hotel Bristol Berlin
Puerto Azul,Puerto Azul
Vincci Tenerife Golf,Vincci Tenerife Golf
Lanzarote Paradise,Lanzarote Paradise
DoubleTree by Hilton Hotel Leeds City Centre,DoubleTree by Hilton Hotel Leeds City Centre
Tropicana Grand Azure,Tropicana Grand Azure
Samoa,Samoa
H. Top Gran Casino Royal,H. Top Gran Casino Royal
Mespil,Mespil
Apartotel Ponent Mar,Apartotel Ponent Mar
Renaissance Manchester Hotel,Renaissance Manchester Hotel
Oriental Resort,Oriental Resort
Hi Gardenia Park Hotel,Hi Gardenia Park Hotel
Alameda,Alameda
Agua Azul,Agua Azul
Boston,Boston
Almonsa Playa,Almonsa Playa
Varandas de Albufeira Beach and Sun Club,Varandas de Albufeira Beach and Sun Club
Iberostar Belisaire,Iberostar Belisaire
Cabanas Park Resort,Cabanas Park Resort
Catalonia Oro Negro,Catalonia Oro Negro
Barcelo Corralejo Bay,Barcelo Corralejo Bay
H10 Rubicon Palace,H10 Rubicon Palace
Paladim,Paladim
Flamboyan Caribe,Flamboyan Caribe
Radisson Blu Hotel At Disneyland Paris,Radisson Blu Hotel At Disneyland Paris
Velamar,Velamar
Amstel Botel Bv,Amstel Botel Bv
Brisamar,Brisamar
Sol Sun Beach Apartments,Sol Sun Beach Apartments
Radisson Blu Hotel Birmingham,Radisson Blu Hotel Birmingham
Hotel La Estacion,Hotel La Estacion
Melia Jardines Del Teide,Melia Jardines Del Teide
Hotel Movie Gate,Hotel Movie Gate
Palmasol Hotel,Palmasol Hotel
Sol Katmandu Park & Resort,Sol Katmandu Park & Resort
Cimbel,Cimbel
Gran Hotel Atlantis Bahia Real,Gran Hotel Atlantis Bahia Real
Siesta I,Siesta I
Marthas Apartments,Marthas Apartments
Sotavento,Sotavento
Playaverde,Playaverde
Club Pocillos,Club Pocillos
Areias Village,Areias Village
Royal Park Albatros,Royal Park Albatros
Apartments Maxorata Beach,Apartments Maxorata Beach
Mallorca Rocks  Apartments,Mallorca Rocks  Apartments
Sandos San Blas Nature Resort & Golf,Sandos San Blas Nature Resort & Golf
Rosamar,Rosamar
Green Valley Aparthotel,Green Valley Aparthotel
Gala,Gala
Da Aldeia,Da Aldeia
Gemelos II IV,Gemelos II IV
Hilton Dublin Hotel,Hilton Dublin Hotel
Falls Hotel,Falls Hotel
Sofitel Athens Airport,Sofitel Athens Airport
Hotel FERGUS Style Cala Blanca Suites,Hotel FERGUS Style Cala Blanca Suites
Lanzaplaya,Lanzaplaya
Hotel Riviera,Hotel Riviera
Aria Resort and Casino,Aria Resort and Casino
Topazio,Topazio
Maritim Jolie Ville Royal Peninsula And Resort,Maritim Jolie Ville Royal Peninsula And Resort
Apex Waterloo Place,Apex Waterloo Place
Mayra,Mayra
Marina Club,Marina Club
Letoonia Club and Hotel,Letoonia Club and Hotel
Morasol Suites,Morasol Suites
Pez Espada,Pez Espada
Grand Yazici Mares Hotel,Grand Yazici Mares Hotel
Natura Algarve Club,Natura Algarve Club
Hotel Magic Circus,Hotel Magic Circus
Apartments Fuentepark,Apartments Fuentepark
Turial Park,Turial Park
DoubleTree by Hilton Amsterdam Centraal Station ,DoubleTree by Hilton Amsterdam Centraal Station 
Madeira Centro,Madeira Centro
Arcos Playa Apartments,Arcos Playa Apartments
Hotel Citywest,Hotel Citywest
Hilton Manchester Deansgate,Hilton Manchester Deansgate
Astoria Playa,Astoria Playa
Mercure Hotel Duesseldorf Seestern,Mercure Hotel Duesseldorf Seestern
Arrecife Gran Hotel & Spa,Arrecife Gran Hotel & Spa
Blue Bay,Blue Bay
Azimut Hotel München City Ost,Azimut Hotel München City Ost
Playa Olid Apartments,Playa Olid Apartments
Clybaun,Clybaun
Fortina,Fortina
BelleVue Vistanova Hotel,BelleVue Vistanova Hotel
Quinta Pedra Dos Bicos,Quinta Pedra Dos Bicos
Pierre and Vacance Benidorm Levante,Pierre and Vacance Benidorm Levante
Hi Mimosa Park Hotel,Hi Mimosa Park Hotel
Pollentia Club Resort,Pollentia Club Resort
FERGUS Pax,FERGUS Pax
Apartamentos Panorama,Apartamentos Panorama
Camden Court,Camden Court
FERGUS Plaza Santa Ponsa,FERGUS Plaza Santa Ponsa
Bungalows Las Gaviotas,Bungalows Las Gaviotas
The Senator Banus,The Senator Banus
Estrela Do Vau Apartamentos Turisticos,Estrela Do Vau Apartamentos Turisticos
Alborada Beach Club,Alborada Beach Club
Britannia Sachas Hotel,Britannia Sachas Hotel
Hotel Le Royale Sonesta Collection Luxury Resort,Hotel Le Royale Sonesta Collection Luxury Resort
Seda Apart,Seda Apart
Apartamentos Turisticos da Orada Marina De Albufeira,Apartamentos Turisticos da Orada Marina De Albufeira
Le Meridien St. Julians,Le Meridien St. Julians
Apartments Club Don Paco Castilla,Apartments Club Don Paco Castilla
Pirates Village,Pirates Village
Crowne Plaza Hotel BIRMINGHAM NEC,Crowne Plaza Hotel BIRMINGHAM NEC
Club Las Palmeras I and II,Club Las Palmeras I and II
Pullman Munich,Pullman Munich
Carlota,Carlota
Rixos Sharm El Sheikh,Rixos Sharm El Sheikh
Apartamentos Inn,Apartamentos Inn
Jurys Inn Leeds,Jurys Inn Leeds
Hilton Dalaman Golf Resort and Spa,Hilton Dalaman Golf Resort and Spa
Rochestown Park,Rochestown Park
Olympic Lagoon Resort,Olympic Lagoon Resort
Acevi Villarroel,Acevi Villarroel
Corona Del Mar,Corona Del Mar
Corfu Holiday Palace,Corfu Holiday Palace
Aparthotel Orquidea,Aparthotel Orquidea
Plaza and Plaza Regency,Plaza and Plaza Regency
Primavera II,Primavera II
Hilton Malta,Hilton Malta
Iberotel Il Mercato,Iberotel Il Mercato
Gran Hotel Delfin,Gran Hotel Delfin
Stella Di Mare Beach Hotel Spa,Stella Di Mare Beach Hotel Spa
Perla Marina,Perla Marina
Qawra Palace,Qawra Palace
Regina Gran Hotel,Regina Gran Hotel
The Glass House Hotel,The Glass House Hotel
Apartamentos Globales Verdemar,Apartamentos Globales Verdemar
Costa Calero,Costa Calero
Morgan Hotel,Morgan Hotel
Gran Hotel Elba Estepona,Gran Hotel Elba Estepona
Nazaret Apartments,Nazaret Apartments
Ac Malaga Palacio,Ac Malaga Palacio
Villasol,Villasol
Jabeque,Jabeque
Express By Holiday Inn Glasgow City Riverside,Express By Holiday Inn Glasgow City Riverside
Sol Don Marco,Sol Don Marco
Puente Real,Puente Real
Hotel Argana,Hotel Argana
Paradise Bay,Paradise Bay
Viva Tropic,Viva Tropic
Blue Bay Banus,Blue Bay Banus
Express By Holiday Inn Dusseldorf North,Express By Holiday Inn Dusseldorf North
Green Nature Resort and Spa,Green Nature Resort and Spa
Ibersol Son Caliu Mar and Beach Club,Ibersol Son Caliu Mar and Beach Club
Arena Dorada,Arena Dorada
Ramada Resort Lara,Ramada Resort Lara
The Palace Hotel,The Palace Hotel
Holiday Park,Holiday Park
Benidorm Centre,Benidorm Centre
Hotel Kilkenny,Hotel Kilkenny
Horizonte,Horizonte
Hotel Atismar,Hotel Atismar
Sol Morromar Apartments,Sol Morromar Apartments
El Fuerte Marbella,El Fuerte Marbella
Quality Inn International,Quality Inn International
Sol Ibiza,Sol Ibiza
Osprey Hotel And Spa,Osprey Hotel And Spa
Amir Palace Hotel,Amir Palace Hotel
Apart Viva Palmanova,Apart Viva Palmanova
Playa Ca's Saboners,Playa Ca's Saboners
Melia Marbella Banus,Melia Marbella Banus
Hotel Galaxia,Hotel Galaxia
Apartments Silchoro,Apartments Silchoro
Playa Bonita,Playa Bonita
Vitalclass Lanzarote Sports And Wellness Resort,Vitalclass Lanzarote Sports And Wellness Resort
Don Gregorio,Don Gregorio
Catalonia Majorica,Catalonia Majorica
Aguamarina Golf Hotel,Aguamarina Golf Hotel
Moon Palace Golf and Spa,Moon Palace Golf and Spa
Sandymount Hotel,Sandymount Hotel
Son Caliu Hotel Spa Oasis,Son Caliu Hotel Spa Oasis
Costa Caleta,Costa Caleta
Alexander Thomson,Alexander Thomson
Alay Hotel,Alay Hotel
Mercure Hotel Atrium Hannover,Mercure Hotel Atrium Hannover
Best Oasis Tropical,Best Oasis Tropical
Dolmen Resort Hotel,Dolmen Resort Hotel
Flannerys Hotel,Flannerys Hotel
Rio Park,Rio Park
Lopesan Villa del Conde Resort and Thalasso,Lopesan Villa del Conde Resort and Thalasso
Alahuar,Alahuar
Caleta Playa,Caleta Playa
Oura Praia Hotel,Oura Praia Hotel
Iberostar Papagayo,Iberostar Papagayo
Floresta,Floresta
HL Club Playa Blanca,HL Club Playa Blanca
Andreas Hotel,Andreas Hotel
Monte Santo Resort,Monte Santo Resort
Hostal Mar Y Huerta,Hostal Mar Y Huerta
Grange City,Grange City
H. Top Royal Beach,H. Top Royal Beach
Ms Maestranza,Ms Maestranza
Jurys Christchurch Inn,Jurys Christchurch Inn
Veramar I,Veramar I
Magic Villa Benidorm,Magic Villa Benidorm
Hotel Suite Jardin Dorado,Hotel Suite Jardin Dorado
Hotel California,Hotel California
Club Hotel Sera,Club Hotel Sera
Kilkenny Ormonde Hotel,Kilkenny Ormonde Hotel
Aqua Pedra dos Bicos,Aqua Pedra dos Bicos
Sol Alcudia Center Hotel Apartments,Sol Alcudia Center Hotel Apartments
Hotel Caribe,Hotel Caribe
Nautilus Lanzarote Art & Biosphere,Nautilus Lanzarote Art & Biosphere
Vista Club,Vista Club
Teix,Teix
Hotel Cordoba Center,Hotel Cordoba Center
Hotel Garbi Ibiza and Spa,Hotel Garbi Ibiza and Spa
Green Bungalows Hotel Apartments,Green Bungalows Hotel Apartments
Thistle Glasgow,Thistle Glasgow
Dom Pedro Golf Resort,Dom Pedro Golf Resort
Corona Blanca Apartments,Corona Blanca Apartments
Vista Blava,Vista Blava
Club Maspalomas,Club Maspalomas
Barcelo Castillo Beach Resort,Barcelo Castillo Beach Resort
Mediterraneo Apartments,Mediterraneo Apartments
Costa Azul,Costa Azul
Sea Club Resort,Sea Club Resort
Marconfort El Greco,Marconfort El Greco
Sheraton La Caleta Resort And Spa,Sheraton La Caleta Resort And Spa
Island Beach Resort,Island Beach Resort
Kensington Close,Kensington Close
Pins Platja,Pins Platja
Hilton Munich City,Hilton Munich City
Soldoiro,Soldoiro
Ola Tomir Aparthotel,Ola Tomir Aparthotel
Playa Blanca,Playa Blanca
Pierre and Vacances Torremolinos,Pierre and Vacances Torremolinos
Gloria Palace Thalasso San Agustin,Gloria Palace Thalasso San Agustin
Canaima,Canaima
Eirasol,Eirasol
Bermudas,Bermudas
International Palms Resort,International Palms Resort
Apartments Torre Oboe,Apartments Torre Oboe
Grand City Airport Hotel Stuttgart Messe ehem. Messe Hotel,Grand City Airport Hotel Stuttgart Messe ehem. Messe Hotel
Nagi Beach Hotel,Nagi Beach Hotel
Melia Alicante,Melia Alicante
Servigroup Nereo,Servigroup Nereo
Palace,Palace
Hotel Sur,Hotel Sur
Apolo,Apolo
Dor,Dor
Avenida Hotel,Avenida Hotel
Cemre,Cemre
Excalibur Hotel,Excalibur Hotel
Beatriz Palace And Spa,Beatriz Palace And Spa
Marks Hotel,Marks Hotel
Apartments Club Montecastillo,Apartments Club Montecastillo
Conrad Dublin,Conrad Dublin
MELLIEHA BAY HOTEL,MELLIEHA BAY HOTEL
Albufeira Jardim,Albufeira Jardim
Rialto,Rialto
Alisios Playa,Alisios Playa
Marino Tenerife,Marino Tenerife
Rezydent,Rezydent
Days Inn Leicester Forest East,Days Inn Leicester Forest East
Russell,Russell
Cork International Airport Hotel,Cork International Airport Hotel
Delphin Diva Premiere,Delphin Diva Premiere
Holiday Palace,Holiday Palace
Solana,Solana
Malaga Centro,Malaga Centro
Balcon Del Mar,Balcon Del Mar
Caribbean Village Agador,Caribbean Village Agador
BRITANNIA HOTEL MANCHESTER,BRITANNIA HOTEL MANCHESTER
Playamar,Playamar
Almudaina,Almudaina
Balmoral,Balmoral
Hotel Indigo Liverpool,Hotel Indigo Liverpool
Arenas del Mar Beach & Nature Resort,Arenas del Mar Beach & Nature Resort
Park Club Europe,Park Club Europe
Blue Sea Kontiki,Blue Sea Kontiki
Garden Of Sun Hotel,Garden Of Sun Hotel
Escorial,Escorial
Servigroup Castilla,Servigroup Castilla
Bellagio,Bellagio
Apartments Prainha Clube,Apartments Prainha Clube
Travelodge London Farringdon,Travelodge London Farringdon
Tryp Bellver,Tryp Bellver
Express By Holiday Inn FRANKFURT-MESSE,Express By Holiday Inn FRANKFURT-MESSE
Vila Gale Tavira,Vila Gale Tavira
Forte Do Vale,Forte Do Vale
Vista De Rey,Vista De Rey
Delphin Palace,Delphin Palace
Europa Hotel,Europa Hotel
Ses Savines,Ses Savines
La Tegala,La Tegala
Nerja Club,Nerja Club
Gloria Palace Royal,Gloria Palace Royal
Novotel Liverpool,Novotel Liverpool
Sol Antillas Barbados,Sol Antillas Barbados
Plazamar,Plazamar
Maria Victoria,Maria Victoria
Hotel Talbot,Hotel Talbot
Hilton Belfast,Hilton Belfast
Hotel Edison,Hotel Edison
Torre Del Mar,Torre Del Mar
Sierra Sharm El Shiekh Resort,Sierra Sharm El Shiekh Resort
Hi Honolulu Hotel,Hi Honolulu Hotel
Fitzgerald Hotel,Fitzgerald Hotel
Hilton Sharm Dreams,Hilton Sharm Dreams
Arlington Hotel - Temple Bar,Arlington Hotel - Temple Bar
Isabel,Isabel
Arena,Arena
Rixos Libertas,Rixos Libertas
Sao Rafael Atlantic,Sao Rafael Atlantic
Golden Rock Beach Hotel,Golden Rock Beach Hotel
Hotel Montechoro,Hotel Montechoro
Four Seasons Vilamoura,Four Seasons Vilamoura
Florencio,Florencio
Galaxy Macau - Galaxy Hotel,Galaxy Macau - Galaxy Hotel
Iberostar Anthelia,Iberostar Anthelia
Travelodge London City Road,Travelodge London City Road
First Flatotel Apartments,First Flatotel Apartments
Sultan Apartment,Sultan Apartment
Venecia Hotel,Venecia Hotel
Marina Bayview,Marina Bayview
La Pinta,La Pinta
Gloria Golf Resort,Gloria Golf Resort
Best Western Queens Hotel Kassel,Best Western Queens Hotel Kassel
Radisson Blu Hotel Berlin,Radisson Blu Hotel Berlin
Trianflor Hotel,Trianflor Hotel
Oro Playa Apts,Oro Playa Apts
Aparthotel Playa Del Ingles,Aparthotel Playa Del Ingles
Bajondillo,Bajondillo
Hilton Dubai Jumeirah Resort,Hilton Dubai Jumeirah Resort
Wow Kremlin Palace,Wow Kremlin Palace
Bayview Hotel,Bayview Hotel
Marbella El Faro Inn,Marbella El Faro Inn
Cyclamens Mechmoum Hotel and Spa,Cyclamens Mechmoum Hotel and Spa
Aqua Fun Club Hotel,Aqua Fun Club Hotel
Aqua Hotel Onabrava,Aqua Hotel Onabrava
H10 Sentido White Suites,H10 Sentido White Suites
Albir Garden,Albir Garden
Ac Ciutat De Palma,Ac Ciutat De Palma
Tahona Garden,Tahona Garden
Apartamentos Central City,Apartamentos Central City
Park Inn by Radisson Belfast,Park Inn by Radisson Belfast
Artemis,Artemis
Luna Clube Brisamar,Luna Clube Brisamar
Vincci Seleccion La Plantacion del Sur,Vincci Seleccion La Plantacion del Sur
Iberostar Averroes,Iberostar Averroes
Oasis Tossa and Spa,Oasis Tossa and Spa
Cala Nova Apartamentos,Cala Nova Apartamentos
Riu Belplaya,Riu Belplaya
Bungalows Dunabeach,Bungalows Dunabeach
Almar,Almar
Pueblo Indalo,Pueblo Indalo
Domina Coral Bay Oasis,Domina Coral Bay Oasis
Apartments Nido Del Aguila,Apartments Nido Del Aguila
El Puerto,El Puerto
Oceano,Oceano
Betania,Betania
Flor da Rocha,Flor da Rocha
Maldron Cardiff Lane,Maldron Cardiff Lane
Alagoamar,Alagoamar
Bellamar,Bellamar
Belvedere,Belvedere
Hilton Birmingham Metropole,Hilton Birmingham Metropole
Connacht Hotel,Connacht Hotel
Pembroke Hotel Kilkenny,Pembroke Hotel Kilkenny
Oriental,Oriental
Radisson Blu Hotel Manchester Airport,Radisson Blu Hotel Manchester Airport
Sirenis Club Hotel Tres Carabelas,Sirenis Club Hotel Tres Carabelas
Sol Y Vera,Sol Y Vera
H10 Salauris Palace,H10 Salauris Palace
Rosen Inn closest to Universal,Rosen Inn closest to Universal
Best Western Blue Tower,Best Western Blue Tower
Club Portinatx,Club Portinatx
Vigilia Park Apartments,Vigilia Park Apartments
Maracaibo,Maracaibo
Sereia da Oura,Sereia da Oura
Hostal Residencia Eolo,Hostal Residencia Eolo
Janelas Do Mar,Janelas Do Mar
Novotel London Excel,Novotel London Excel
San Eloy,San Eloy
Marinada,Marinada
Club Eurocalas,Club Eurocalas
Morana,Morana
Aqualuz,Aqualuz
Marinada Aparthotel,Marinada Aparthotel
Corona Roja,Corona Roja
Aparthotel Club Simo,Aparthotel Club Simo
Eurotel Altura,Eurotel Altura
Caesars Palace Hotel,Caesars Palace Hotel
Blau Varadero Hotel,Blau Varadero Hotel
Alenz Suite Hotel,Alenz Suite Hotel
THB Bahia Ocean Beach,THB Bahia Ocean Beach
Palia Don Pedro,Palia Don Pedro
Miramar,Miramar
Las Torres,Las Torres
Grand Canal Hotel,Grand Canal Hotel
Liverpool Marriott City Centre,Liverpool Marriott City Centre
H. Top Calella Palace,H. Top Calella Palace
Jet Apartments,Jet Apartments
Best Negresco Complex,Best Negresco Complex
Playa Park Club,Playa Park Club
Sao Rafael Suite Hotel,Sao Rafael Suite Hotel
Sevilla Center,Sevilla Center
Veracruz,Veracruz
Andels Hotel Cracow,Andels Hotel Cracow
Daphne Apartments,Daphne Apartments
Palm Beach Club,Palm Beach Club
Ole Tropical Tenerife,Ole Tropical Tenerife
Eden Nord,Eden Nord
Flandrischer Hof,Flandrischer Hof
Marins Playa,Marins Playa
Servatur Puerto Azul,Servatur Puerto Azul
Golden Taurus Park Resort,Golden Taurus Park Resort
H10 Salou Princess,H10 Salou Princess
Hyatt Regency Birmingham,Hyatt Regency Birmingham
Bahia Pollensa,Bahia Pollensa
Cala D'Or Apartamentos,Cala D'Or Apartamentos
Apartamentos Pepe Mesa,Apartamentos Pepe Mesa
Tropical Park,Tropical Park
La Pergola,La Pergola
Apartamentos Fayna,Apartamentos Fayna
Santa Clara,Santa Clara
Dunas Suites and Villas,Dunas Suites and Villas
Alfagar II Aparthotel,Alfagar II Aparthotel
Cordial Mogan Playa Hotel,Cordial Mogan Playa Hotel
Kristal,Kristal
Four Elements Suites,Four Elements Suites
Tivoli Carvoeiro,Tivoli Carvoeiro
Ushuaia Ibiza Beach Hotel,Ushuaia Ibiza Beach Hotel
Kleopatra Bebek,Kleopatra Bebek
H. Top Amaika Hotel,H. Top Amaika Hotel
Albatros Apartments Salou,Albatros Apartments Salou
Loixmar,Loixmar
Novotel Birmingham Airport,Novotel Birmingham Airport
Iberostar Grand Hotel Mencey,Iberostar Grand Hotel Mencey
L'Ecrin Sandra Club,L'Ecrin Sandra Club
Blue Sea Costa Teguise Beach,Blue Sea Costa Teguise Beach
Sol de Alcudia Apartamentos,Sol de Alcudia Apartamentos
Flora,Flora
Aquasol,Aquasol
Gavimar Cala Gran Costa del Sur Hotel & Resort,Gavimar Cala Gran Costa del Sur Hotel & Resort
Real Marina Hotel and Spa,Real Marina Hotel and Spa
The Connacht Hotel,The Connacht Hotel
Romance Djerba Sun Club,Romance Djerba Sun Club
Dom Pedro Portobelo,Dom Pedro Portobelo
Galeon,Galeon
TRH Paraiso,TRH Paraiso
Viva Mallorca,Viva Mallorca
Casas Del Sol,Casas Del Sol
Best Oasis Park,Best Oasis Park
Hotel Monarque El Rodeo,Hotel Monarque El Rodeo
Los Tulipanes,Los Tulipanes
Holiday Inn Algarve,Holiday Inn Algarve
Burns Fair And More,Burns Fair And More
Los Fiscos,Los Fiscos
Palas Pineda,Palas Pineda
Puerto Azul,Puerto Azul
Spring Hotel Vulcano,Spring Hotel Vulcano
Pestana Chelsea Bridge Hotel Spa,Pestana Chelsea Bridge Hotel Spa
Clarion Hotel Cork,Clarion Hotel Cork
Beatriz Atlantis and Spa,Beatriz Atlantis and Spa
Playa Limones,Playa Limones
H. Top Royal Star,H. Top Royal Star
Hotel Westcord Fashion Amsterdam,Hotel Westcord Fashion Amsterdam
Cumana,Cumana
Tonoz Beach Hotel,Tonoz Beach Hotel
Guinea,Guinea
Cala D'Or Playa,Cala D'Or Playa
Holiday Inn FRANKFURT CITY SOUTH CONFERENCE CENTRE,Holiday Inn FRANKFURT CITY SOUTH CONFERENCE CENTRE
Baia Grande,Baia Grande
Club Atlantico,Club Atlantico
Iberostar Alcudia Park,Iberostar Alcudia Park
Hyatt Regency Airport,Hyatt Regency Airport
Hampton Inn International Drive Convention Center,Hampton Inn International Drive Convention Center
Best Age Fuerteventura by Cordial,Best Age Fuerteventura by Cordial
Lynams,Lynams
Sunset Harbour Club,Sunset Harbour Club
Ola Isabel Aparthotel,Ola Isabel Aparthotel
Yellow Alvor Garden,Yellow Alvor Garden
Gresham Metropole,Gresham Metropole
Don Juan,Don Juan
Las Faluas,Las Faluas
Regency Country Club,Regency Country Club
BlueBay Beach Club,BlueBay Beach Club
El Cid,El Cid
River Palace,River Palace
The Shelbourne Hotel,The Shelbourne Hotel
Balaia Plaza,Balaia Plaza
Holiday inn Express Edinburgh City Centre,Holiday inn Express Edinburgh City Centre
Apex International,Apex International
Barcelo Las Margaritas,Barcelo Las Margaritas
Intercontinental Malta,Intercontinental Malta
Barcelo Ponent Playa,Barcelo Ponent Playa
The Orlando Metropolitan Resort,The Orlando Metropolitan Resort
Jurys Inn,Jurys Inn
Green Garden Resort and Suites,Green Garden Resort and Suites
Porto Bay Falesia,Porto Bay Falesia
Cabana,Cabana
Hilton London Docklands,Hilton London Docklands
Clube Dos Arcos,Clube Dos Arcos
Hotel SU,Hotel SU
The Malton,The Malton
Club Del Sol,Club Del Sol
Mar Ola Park 1,Mar Ola Park 1
Santa Barbara Golf and Ocean Club,Santa Barbara Golf and Ocean Club
Il Palazzin Hotel,Il Palazzin Hotel
Novotel London West,Novotel London West
Tropicana,Tropicana
Grand Central ,Grand Central 
Park Plaza Leeds,Park Plaza Leeds
Niza Apartments,Niza Apartments
Continental Hotel Zara,Continental Hotel Zara
Holiday Inn Liverpool City Centre,Holiday Inn Liverpool City Centre
Lido,Lido
Playas Del Rey,Playas Del Rey
LIBERTY HOTELS OLUDENIZ,LIBERTY HOTELS OLUDENIZ
Hotel Viva Sharm,Hotel Viva Sharm
Sir Anthony,Sir Anthony
Tivoli Marina Portimao,Tivoli Marina Portimao
Los Cardones,Los Cardones
Rebecca Park,Rebecca Park
Golden Club Cabanas,Golden Club Cabanas
Banyan Tree Macau,Banyan Tree Macau
Las Costas,Las Costas
Jumeirah Frankfurt,Jumeirah Frankfurt
LVH - Las Vegas Hotel and Casino,LVH - Las Vegas Hotel and Casino
Sheraton Salobre Golf And Resort,Sheraton Salobre Golf And Resort
Club La Costa World,Club La Costa World
Menzies Strathallan Birmingham,Menzies Strathallan Birmingham
Best Benalmadena,Best Benalmadena
Majesty Club Tuana Park,Majesty Club Tuana Park
Jurys Inn Aberdeen,Jurys Inn Aberdeen
Hilton Budapest,Hilton Budapest
Albufeira Sol Suite Hotel and Spa,Albufeira Sol Suite Hotel and Spa
Germania,Germania
Glasgow Pond Hotel,Glasgow Pond Hotel
Crowne Plaza Edinburgh - The Roxburghe,Crowne Plaza Edinburgh - The Roxburghe
Viva Menorca,Viva Menorca
Calamijas,Calamijas
Metropole Brussels,Metropole Brussels
Sol Cala D'Or Apartments,Sol Cala D'Or Apartments
Jurys Islington Inn,Jurys Islington Inn
HG Cristian Sur Apartments,HG Cristian Sur Apartments
Hotel Savigny Frankfurt City,Hotel Savigny Frankfurt City
Grangefield Oasis Club,Grangefield Oasis Club
The George Hotel,The George Hotel
Hostal Oasis D'or,Hostal Oasis D'or
Los Molinos,Los Molinos
Neptuno,Neptuno
Hotel Al Moggar Garden Beach,Hotel Al Moggar Garden Beach
Graf Zeppelin,Graf Zeppelin
Azuline Hotel Mar Amantis I / II,Azuline Hotel Mar Amantis I / II
Sir Thomas Hotel,Sir Thomas Hotel
Bristol Hotel,Bristol Hotel
Rosen Shingle Creek,Rosen Shingle Creek
Regency Hotel,Regency Hotel
Hi Binimar Apartments,Hi Binimar Apartments
Hilton Copenhagen Airport,Hilton Copenhagen Airport
Intercontinental Frankfurt,Intercontinental Frankfurt
Domus Mariae Palazzo Carpegna,Domus Mariae Palazzo Carpegna
Holiday Inn Killarney,Holiday Inn Killarney
Benidorm Plaza,Benidorm Plaza
Aloe Hotel,Aloe Hotel
Ganivet Hotel,Ganivet Hotel
Vila Gale Cascais,Vila Gale Cascais
Hostal Sol Y Miel,Hostal Sol Y Miel
Servatur Montebello,Servatur Montebello
Hyde Park Lane,Hyde Park Lane
Palma Mazas/Emperador,Palma Mazas/Emperador
Crowne Plaza Hotel GLASGOW,Crowne Plaza Hotel GLASGOW
Rocha Brava,Rocha Brava
Express By Holiday Inn NEWCASTLE CITY CENTRE,Express By Holiday Inn NEWCASTLE CITY CENTRE
Las Buganvillas,Las Buganvillas
Balaia Atlantico,Balaia Atlantico
D-Resort Grand Azur,D-Resort Grand Azur
Mitsis Norida Beach,Mitsis Norida Beach
Intertur Apartments Miami Ibiza,Intertur Apartments Miami Ibiza
Babalu,Babalu
The Light Boutique ApartHotel,The Light Boutique ApartHotel
Brasil,Brasil
Luxor Hotel And Casino,Luxor Hotel And Casino
Torrenova Playa Apartments,Torrenova Playa Apartments
Preluna Hotel And Spa,Preluna Hotel And Spa
DoubleTree by Hilton Hotel London Westminster,DoubleTree by Hilton Hotel London Westminster
Playamar,Playamar
Galini Sea View,Galini Sea View
Panareti Paphos Resort,Panareti Paphos Resort
Hilton Dresden,Hilton Dresden
Radisson Blu Hotel Belfast,Radisson Blu Hotel Belfast
Camposol,Camposol
Hotel Mediterraneo Carihuela,Hotel Mediterraneo Carihuela
Ferrera Beach,Ferrera Beach
Gran Melia Victoria,Gran Melia Victoria
Jurys Inn Croydon,Jurys Inn Croydon
Park Hotel,Park Hotel
Bungalows Parque Golf,Bungalows Parque Golf
Courtyard by Marriott - London Gatwick Airport,Courtyard by Marriott - London Gatwick Airport
Susesi De Luxe,Susesi De Luxe
Dormero Hotel Frankfurt,Dormero Hotel Frankfurt
Park Inn by Radisson Manchester City Centre,Park Inn by Radisson Manchester City Centre
InterContinental WARSAW,InterContinental WARSAW
Sun Club El Dorado,Sun Club El Dorado
Hilton Sharm Waterfalls,Hilton Sharm Waterfalls
Hotel Novotel Sharm El-Sheikh Beach and Palm Wings,Hotel Novotel Sharm El-Sheikh Beach and Palm Wings
Habitat,Habitat
Cerro Malpique,Cerro Malpique
Tagadirt Hotel,Tagadirt Hotel
Mukarnas Spa Resort Hotel,Mukarnas Spa Resort Hotel
Playa Del Moro,Playa Del Moro
Grecian Park,Grecian Park
Tisalaya,Tisalaya
Menzies Glasgow,Menzies Glasgow
Alondras Park,Alondras Park
Gran Hotel Benahavis,Gran Hotel Benahavis
Mitsis Grand Hotel,Mitsis Grand Hotel
Tulip Inn Amsterdam Centre,Tulip Inn Amsterdam Centre
Don Carlos,Don Carlos
Ariel,Ariel
Royal Queens,Royal Queens
Continental,Continental
Las Vegas,Las Vegas
The Place Apartment Hotel,The Place Apartment Hotel
Melia Palas Atenea,Melia Palas Atenea
Maritim,Maritim
Palma Mazas II,Palma Mazas II
VIP Grand Lisboa Hotel and Spa,VIP Grand Lisboa Hotel and Spa
Club Salina Wharf,Club Salina Wharf
Comfort Inn & Suites,Comfort Inn & Suites
Clube Albufeira Apartments,Clube Albufeira Apartments
Les Pyramides,Les Pyramides
Plaza Cavana,Plaza Cavana
Sandy Golf,Sandy Golf
Senator Barcelona Spa Hotel,Senator Barcelona Spa Hotel
Xperience Kiroseiz Parkland,Xperience Kiroseiz Parkland
Apartamentos Tisalaya Park,Apartamentos Tisalaya Park
Villa Venecia Hotel Boutique,Villa Venecia Hotel Boutique
Mayfair Aparthotel,Mayfair Aparthotel
The Blue Apartments by Ibiza Feeling,The Blue Apartments by Ibiza Feeling
Wyspianski,Wyspianski
Silken Al Andalus Palace Hotel,Silken Al Andalus Palace Hotel
Rosen Plaza,Rosen Plaza
Anfora,Anfora
Costa Encantada,Costa Encantada
Amaragua,Amaragua
Grand Pasa Hotel,Grand Pasa Hotel
Dream Villa Tagoro,Dream Villa Tagoro
Nerja Princ,Nerja Princ
Hotel Globales America,Hotel Globales America
Hi Don Pedro Hotel,Hi Don Pedro Hotel
Hotel Club Pineta,Hotel Club Pineta
Cosmopolitan Of Las Vegas,Cosmopolitan Of Las Vegas
Vale De Carros,Vale De Carros
Paraiso Del Sol,Paraiso Del Sol
Iberostar Playa Gaviotas,Iberostar Playa Gaviotas
InterContinental DUSSELDORF,InterContinental DUSSELDORF
Bewleys Newlands Cross,Bewleys Newlands Cross
Mirador,Mirador
Hi Palmanova Hotel,Hi Palmanova Hotel
Atolon,Atolon
Sol Jandía Mar Apartamentos,Sol Jandía Mar Apartamentos
Hotel Papillon Zeugma,Hotel Papillon Zeugma
Casablanca,Casablanca
Hotel Monarque Torreblanca,Hotel Monarque Torreblanca
Express by Holiday Inn Liverpool John Lennon,Express by Holiday Inn Liverpool John Lennon
Paradise Island,Paradise Island
Silken Puerta Malaga,Silken Puerta Malaga
Confortel Calas De Conil,Confortel Calas De Conil
Torre Gerona,Torre Gerona
Playa del Sol Apartments,Playa del Sol Apartments
Oasis Park,Oasis Park
Vasari Resort,Vasari Resort
Benimar,Benimar
Princess Beach Hotel,Princess Beach Hotel
Isla Mallorca,Isla Mallorca
Solana,Solana
Club Turan Prince World,Club Turan Prince World
Aguamarina Golf Apartments,Aguamarina Golf Apartments
Marconfort Atlantic Gardens Bungalows,Marconfort Atlantic Gardens Bungalows
Azimut Hotel Koeln City Centre,Azimut Hotel Koeln City Centre
Hedonism II,Hedonism II
Carabelas Apartments,Carabelas Apartments
Granada Park,Granada Park
VIP Villas Villas Caleta Dorada,VIP Villas Villas Caleta Dorada
Mar Blau,Mar Blau
base2stay Liverpool,base2stay Liverpool
Ifa Continental,Ifa Continental
App Millor Garden Spa,App Millor Garden Spa
Hotel Mac Puerto Marina,Hotel Mac Puerto Marina
Cye Salou,Cye Salou
Valentin Son Bou Hotel And Apartments,Valentin Son Bou Hotel And Apartments
Milano Due,Milano Due
Adagio City Aparthotel Val d'Europe,Adagio City Aparthotel Val d'Europe
Ramada Plaza Resort and Suites International Drive Orlando,Ramada Plaza Resort and Suites International Drive Orlando
Platjador,Platjador
Clontarf Castle,Clontarf Castle
Blue Bay Lanzarote,Blue Bay Lanzarote
Bewleys Hotel Ballsbridge,Bewleys Hotel Ballsbridge
Soreda,Soreda
Aparthotel Sunny Beach,Aparthotel Sunny Beach
Blue Sea Santa Maria Hotel And Apartments,Blue Sea Santa Maria Hotel And Apartments
Amfora Beach,Amfora Beach
Copthorne Newcastle,Copthorne Newcastle
Old Village,Old Village
Planet Hollywood Resort And Casino,Planet Hollywood Resort And Casino
Festival Village,Festival Village
Berlin Excelsior Hotel,Berlin Excelsior Hotel
Real Marina Residence,Real Marina Residence
The Windsor Hotel,The Windsor Hotel
Midland Hotel Manchester,Midland Hotel Manchester
Colina Del Paraiso,Colina Del Paraiso
Meyrick,Meyrick
Best Western Wellness Hotel Zur Post,Best Western Wellness Hotel Zur Post
Barcelo Jandia Playa,Barcelo Jandia Playa
Aparthotel Playa Dorada,Aparthotel Playa Dorada
Albatros Aqua Blu Sharm,Albatros Aqua Blu Sharm
Dormero Hotel Rotes Ross,Dormero Hotel Rotes Ross
Hilton Dublin Airport,Hilton Dublin Airport
Express By Holiday Inn Liverpool Albert Dock,Express By Holiday Inn Liverpool Albert Dock
Crowne Plaza Hotel Liverpool John Lennon Airport,Crowne Plaza Hotel Liverpool John Lennon Airport
Roca Nivaria Gran Hotel,Roca Nivaria Gran Hotel
H. Top Royal Sun,H. Top Royal Sun
Gallaghers Hotel,Gallaghers Hotel
Royal Costa,Royal Costa
H10 Playa Meloneras Palace,H10 Playa Meloneras Palace
Hotel Risco Dorado,Hotel Risco Dorado
Colina Village,Colina Village
Hipotels Marfil Playa,Hipotels Marfil Playa
Aspect Hotel Parkwest,Aspect Hotel Parkwest
Cypress Pointe Resort,Cypress Pointe Resort
Hi Montemar Apartments,Hi Montemar Apartments
Poseidon Resort,Poseidon Resort
Fairlane Hospitality @myHabitat Residences,Fairlane Hospitality @myHabitat Residences
Gloria Serenity Resort,Gloria Serenity Resort
Club Cala d'Or Gardens,Club Cala d'Or Gardens
Flamingo Las Vegas,Flamingo Las Vegas
Dream Hotel Gran Tacande,Dream Hotel Gran Tacande
Club Mac Alcudia,Club Mac Alcudia
Club Amarilis,Club Amarilis
Dorado Beach,Dorado Beach
H. Top Olympic Hotel,H. Top Olympic Hotel
OK Hotel Bossa,OK Hotel Bossa
Beacon,Beacon
Westin Dragonara Resort,Westin Dragonara Resort
Da Gale,Da Gale
Bungalows Plataneras,Bungalows Plataneras
El Guarapo,El Guarapo
Premier Inn Dublin Airport,Premier Inn Dublin Airport
Edificio Albufeira Apartments,Edificio Albufeira Apartments
Mitsis Lindos Memories,Mitsis Lindos Memories
Club Bossa Park,Club Bossa Park
Orsmaris Boutique Hotel,Orsmaris Boutique Hotel
Swissotel Duesseldorf Neuss,Swissotel Duesseldorf Neuss
Radisson Blu Hotel,Radisson Blu Hotel
Mansion Nazaret,Mansion Nazaret
Europe Villa Cortes,Europe Villa Cortes
Roc Boccaccio,Roc Boccaccio
Hotel Monarque Fuengirola Park,Hotel Monarque Fuengirola Park
Hotel Mouradi El Menzah,Hotel Mouradi El Menzah
Coral,Coral
Summer Garden Makumba Apart,Summer Garden Makumba Apart
Marina Hotel at the Corinthia Beach Resort,Marina Hotel at the Corinthia Beach Resort
Aparthotel Sunprime Coral Suites and Spa,Aparthotel Sunprime Coral Suites and Spa
Tahiti Playa,Tahiti Playa
Britannia International,Britannia International
Atlantis The Palm Hotel,Atlantis The Palm Hotel
Ramada Hotel And Suites London Docklands,Ramada Hotel And Suites London Docklands
Marhaba Beach,Marhaba Beach
Parque Cristobal Tenerife,Parque Cristobal Tenerife
Croatia Hotel,Croatia Hotel
Jurys Inn Chelsea,Jurys Inn Chelsea
Aparthotel El Duque,Aparthotel El Duque
Hotel Blau Parc,Hotel Blau Parc
Don Miguel,Don Miguel
Alicante Hills,Alicante Hills
Lindner Am Belvedere,Lindner Am Belvedere
Kenzi Club Agdal Medina,Kenzi Club Agdal Medina
Atlantic Park,Atlantic Park
Oasis Maspalomas,Oasis Maspalomas
Calas Marina Hotel,Calas Marina Hotel
Best Cambrils,Best Cambrils
Hotel Maya,Hotel Maya
Acuario Sol,Acuario Sol
Sofitel Dubai Jumeirah Beach,Sofitel Dubai Jumeirah Beach
Bungalows Nayra,Bungalows Nayra
La Carabela,La Carabela
Bitacora,Bitacora
Augustus,Augustus
Sidney Hotel London Victoria,Sidney Hotel London Victoria
Puerto Palace,Puerto Palace
Pimar,Pimar
Cassidys Hotel,Cassidys Hotel
Ayre Gran Hotel Colon,Ayre Gran Hotel Colon
Poseidon Playa,Poseidon Playa
Malmaison Edinburgh,Malmaison Edinburgh
Yellow Lagos Meia Praia Hotel,Yellow Lagos Meia Praia Hotel
Pestana Vila Sol,Pestana Vila Sol
Club Dorado,Club Dorado
H10 Tenerife Playa,H10 Tenerife Playa
Barcelo Malaga,Barcelo Malaga
Sunset Bay Club,Sunset Bay Club
New York New York Hotel And Casino,New York New York Hotel And Casino
Esmeralda Hotel and Art,Esmeralda Hotel and Art
Ramada Encore Belfast City Centre,Ramada Encore Belfast City Centre
Dusseldorf Mitte,Dusseldorf Mitte
Barcelo Lanzarote,Barcelo Lanzarote
Capo Bay Hotel,Capo Bay Hotel
Benibeach,Benibeach
Bahia Hotel,Bahia Hotel
Iberotel Lido,Iberotel Lido
Clarion Hotel Sligo,Clarion Hotel Sligo
Luna Clube Oceano,Luna Clube Oceano
Hotel Brisa,Hotel Brisa
Hilton Nurenberg,Hilton Nurenberg
Sant Agusti,Sant Agusti
Dorint An Der Messe Köln,Dorint An Der Messe Köln
Riviera Park,Riviera Park
Salou Suite,Salou Suite
Apartamentos Oasis Benidorm,Apartamentos Oasis Benidorm
Residencial Colina Do Mar,Residencial Colina Do Mar
Gran Hotel Don Juan,Gran Hotel Don Juan
Best Western Palm Hotel,Best Western Palm Hotel
Riu Puerto Marina Benalmadena,Riu Puerto Marina Benalmadena
Hotel Bahia Flamingo,Hotel Bahia Flamingo
Doubletree by Hilton Orlando at SeaWorld,Doubletree by Hilton Orlando at SeaWorld
Ince Apartments,Ince Apartments
Apartamentos Triton,Apartamentos Triton
Alvormar Apartments,Alvormar Apartments
Hawthorn Suites By Wyndham Abuja,Hawthorn Suites By Wyndham Abuja
Anamar Suites,Anamar Suites
Monte Da Quinta Resort,Monte Da Quinta Resort
Xperience St. George Homestay,Xperience St. George Homestay
H10 BIG SUR,H10 BIG SUR
Best Mojacar Beach,Best Mojacar Beach
Homewood Suites International Drive,Homewood Suites International Drive
Ramada Manchester Salford Quays,Ramada Manchester Salford Quays
Vime Tierra Mar Golf,Vime Tierra Mar Golf
Canarios Park,Canarios Park
Luna Holiday Complex,Luna Holiday Complex
Pension La Orozca,Pension La Orozca
Barn Hotel,Barn Hotel
Puente Romano,Puente Romano
Kilkenny River Court Hotel,Kilkenny River Court Hotel
Residhome Prestige Val D'Europe,Residhome Prestige Val D'Europe
Migjorn Ibiza Suites and Spa,Migjorn Ibiza Suites and Spa
Radisson Blu Hotel Dublin Airport,Radisson Blu Hotel Dublin Airport
Orange Lake Resort and Country Club,Orange Lake Resort and Country Club
Monte Carlo Sharm el Sheikh Resort,Monte Carlo Sharm el Sheikh Resort
Augusta,Augusta
Kontokali Bay,Kontokali Bay
Serenity,Serenity
The Fitzwilliam Hotel Belfast,The Fitzwilliam Hotel Belfast
Cotillo Beach,Cotillo Beach
Hotel Marina,Hotel Marina
Apartamentos Bellamar,Apartamentos Bellamar
Red Hotel Marrakech,Red Hotel Marrakech
Exagon Park,Exagon Park
Tabaiba Center,Tabaiba Center
Kings Center,Kings Center
Magic Fenicia,Magic Fenicia
Blue Star Apts,Blue Star Apts
Express by Holiday Inn Cologne Muelheim,Express by Holiday Inn Cologne Muelheim
Strelitzias,Strelitzias
Sol Costablanca,Sol Costablanca
Andaz Liverpool Street Hotel,Andaz Liverpool Street Hotel
Royal Son Bou,Royal Son Bou
Hilton London Kensington,Hilton London Kensington
Mercure Hotel Duesseldorf City Nord,Mercure Hotel Duesseldorf City Nord
NH Barbizon Palace,NH Barbizon Palace
Adriana Beach Club All Inclusive,Adriana Beach Club All Inclusive
Best Western Queens Hotel Karlsruhe,Best Western Queens Hotel Karlsruhe
Club Paloma Gumbet Apartments,Club Paloma Gumbet Apartments
Hotel Globales Playa Santa Ponsa,Hotel Globales Playa Santa Ponsa
Don Juan Tossa,Don Juan Tossa
Anabel Hotel,Anabel Hotel
Atalaya Park,Atalaya Park
H10 Casanova,H10 Casanova
Hard Rock Hotel Ibiza,Hard Rock Hotel Ibiza
Las Arenas,Las Arenas
Hotel Gabarda Gil,Hotel Gabarda Gil
Royal Highland Hotel,Royal Highland Hotel
Tarraco Park,Tarraco Park
Angelo Designhotel Munich,Angelo Designhotel Munich
Hilton Dusseldorf,Hilton Dusseldorf
Days Inn Waterloo,Days Inn Waterloo
IGH Eliseos,IGH Eliseos
Express By Holiday Inn Malaga,Express By Holiday Inn Malaga
Barcelo Jandia Mar,Barcelo Jandia Mar
Catalonia Punta Del Rey,Catalonia Punta Del Rey
Primavera Dos,Primavera Dos
La Paz,La Paz
Aparthotel Costa Mar,Aparthotel Costa Mar
Quality Hotel Wembley,Quality Hotel Wembley
Los Cocoteros,Los Cocoteros
Best Maritim,Best Maritim
H10 Delfin Park,H10 Delfin Park
Clarion Dublin Airport,Clarion Dublin Airport
Avenue,Avenue
Cala Ferrera,Cala Ferrera
Senator Gran Via,Senator Gran Via
Golden Bahia De Tossa,Golden Bahia De Tossa
Jurys Inn,Jurys Inn
Santana Hotel,Santana Hotel
Caribbean Bay,Caribbean Bay
IBIS Belfast City Centre,IBIS Belfast City Centre
Atlantique Holiday Club,Atlantique Holiday Club
Subur,Subur
Praia Sol,Praia Sol
Hotel Riviera,Hotel Riviera
Croydon Park Hotel,Croydon Park Hotel
Hilton Garden Inn Frankfurt Airport,Hilton Garden Inn Frankfurt Airport
Burns Art Cologne,Burns Art Cologne
Boutique Casa and Blanca ,Boutique Casa and Blanca 
High Life Apartments,High Life Apartments
Boscolo Prague,Boscolo Prague
Sentido Cala Vinas Hotel,Sentido Cala Vinas Hotel
Teneguia,Teneguia
Santa Catalina,Santa Catalina
H10 Vintage Salou,H10 Vintage Salou
Hotel Waterfront,Hotel Waterfront
Isla Paraiso,Isla Paraiso
Royal Oasis Club at Pueblo Quinta,Royal Oasis Club at Pueblo Quinta
Invisa Hotel Es Pla,Invisa Hotel Es Pla
Avanti Village,Avanti Village
Tamaran,Tamaran
Barcelo Asia Gardens,Barcelo Asia Gardens
Mon Port,Mon Port
Luna Alpinus Hotel,Luna Alpinus Hotel
Apartments Parque Cattleya,Apartments Parque Cattleya
Encore,Encore
Aptos Altamadores,Aptos Altamadores
Tufan Apartments,Tufan Apartments
Days Belfast,Days Belfast
Nuramar Aparthotel,Nuramar Aparthotel
Bracken Court Hotel,Bracken Court Hotel
Antinea Suites and Spa Hotel,Antinea Suites and Spa Hotel
Apex City Of London,Apex City Of London
HG Jardin De Menorca,HG Jardin De Menorca
Holiday Inn Munich City Centre,Holiday Inn Munich City Centre
Relax Inn,Relax Inn
InterContinental Berlin,InterContinental Berlin
Ifa Interclub Atlantic,Ifa Interclub Atlantic
Castillo Beach Vistas,Castillo Beach Vistas
Solmonte,Solmonte
Tower Hotel Derry,Tower Hotel Derry
Grand Oasis Cancun Hotel,Grand Oasis Cancun Hotel
Maritim Antonine Hotel And Spa,Maritim Antonine Hotel And Spa
Ola Hotel Bermudas,Ola Hotel Bermudas
Mercure Hotel Hanseatic Bremen,Mercure Hotel Hanseatic Bremen
Hotel Celymar,Hotel Celymar
Nixe Palace,Nixe Palace
Sis Pins,Sis Pins
Lindner Congress,Lindner Congress
Globales Tamaimo Tropical Aparthotel,Globales Tamaimo Tropical Aparthotel
La Caseta,La Caseta
Hipotels Cala Millor Park,Hipotels Cala Millor Park
Comfort Hotel Heathrow,Comfort Hotel Heathrow
Es Bolero,Es Bolero
Grand Amrath Hotel,Grand Amrath Hotel
Lancaster London,Lancaster London
Hotansa Cervol,Hotansa Cervol
Hollin Hall,Hollin Hall
Torre Velha,Torre Velha
Andels Berlin,Andels Berlin
Harcourt Hotel,Harcourt Hotel
Senaydin Hotel,Senaydin Hotel
Hotel Trinity City,Hotel Trinity City
Park Inn by Radisson Sharm El Sheikh Resort,Park Inn by Radisson Sharm El Sheikh Resort
Radisson Edwardian New Providence Wharf,Radisson Edwardian New Providence Wharf
Hauza Beach Resort,Hauza Beach Resort
Sheraton Westpark,Sheraton Westpark
Ataitana Faro,Ataitana Faro
Aparthotel Blue Sea Costa Teguise Gardens ,Aparthotel Blue Sea Costa Teguise Gardens 
Vista Blanes,Vista Blanes
Hotel Suite Villa Maria,Hotel Suite Villa Maria
Mariscal Iv V,Mariscal Iv V
Gaia Garden,Gaia Garden
Crowne Plaza Hotel BRATISLAVA,Crowne Plaza Hotel BRATISLAVA
Hotel And Spa Carlton Kinsale,Hotel And Spa Carlton Kinsale
Elit Koseoglu Hotel,Elit Koseoglu Hotel
Best Western Hotel Plaza,Best Western Hotel Plaza
Caribbean World Hammamet,Caribbean World Hammamet
Pollentia Hotel,Pollentia Hotel
La Laguneta,La Laguneta
Duquesa Playa,Duquesa Playa
Rodeway Inn Universal,Rodeway Inn Universal
Cinco Plazas,Cinco Plazas
H10 Mediterranean Village,H10 Mediterranean Village
Fels Point Hotel,Fels Point Hotel
Hipocampo Palace,Hipocampo Palace
Plazamar,Plazamar
Hesperia Villamil,Hesperia Villamil
Russell Court,Russell Court
Hotel Riu Palace Bonanza Playa,Hotel Riu Palace Bonanza Playa
Future Inn Cardiff Bay,Future Inn Cardiff Bay
Eden Village ,Eden Village 
Paragon Hotel,Paragon Hotel
Hilton Hotel Kilmainham,Hilton Hotel Kilmainham
Hilton Sharm Fayrouz,Hilton Sharm Fayrouz
Apartments Golden Moon,Apartments Golden Moon
Son Bou Gardens,Son Bou Gardens
Bristol Park,Bristol Park
Crystal Tat Beach Golf Resort and Spa,Crystal Tat Beach Golf Resort and Spa
Oceano Atlantico Apartamentos Turisticos,Oceano Atlantico Apartamentos Turisticos
Fergus Style Plaza Paris,Fergus Style Plaza Paris
Mexicana Resort,Mexicana Resort
Parque Cristobal,Parque Cristobal
Daina Apartments,Daina Apartments
Milford Plaza,Milford Plaza
Maritimo,Maritimo
Loews Miami Beach,Loews Miami Beach
Las Brisas Playa Park,Las Brisas Playa Park
Roc Illetas Playa Apartments and Studios,Roc Illetas Playa Apartments and Studios
Savoy Frankfurt,Savoy Frankfurt
MIC,MIC
Estrela Da Luz,Estrela Da Luz
Palacio De Velada,Palacio De Velada
Sea Club Aqua Park,Sea Club Aqua Park
Playaluna Hotel,Playaluna Hotel
Baron Palms Resort,Baron Palms Resort
Nazar Studio,Nazar Studio
Neptun Hotel,Neptun Hotel
Barcelo La Galea,Barcelo La Galea
Messonghi Beach,Messonghi Beach
Apartments Keskin Club Palm Garden,Apartments Keskin Club Palm Garden
Azuline Hotel Bergantin,Azuline Hotel Bergantin
Savoy Sharm El Sheikh,Savoy Sharm El Sheikh
Wellington Park,Wellington Park
Staybridge Suites - Liverpool,Staybridge Suites - Liverpool
Sol Gavilanes,Sol Gavilanes
Bahiazul Villas and Club Fuerteventura,Bahiazul Villas and Club Fuerteventura
Parque Del Sol,Parque Del Sol
Excelsior Grand Hotel Malta,Excelsior Grand Hotel Malta
Don Miguel I,Don Miguel I
Kaan Apartments,Kaan Apartments
Almirall,Almirall
Algar,Algar
The G,The G
Park Hotel,Park Hotel
The Mirage,The Mirage
Residence Diar Lemdina,Residence Diar Lemdina
Ses Cases D'Or,Ses Cases D'Or
Hotel Marhaba Palace,Hotel Marhaba Palace
Beresford Hotel,Beresford Hotel
Hilton Garden Inn Birmingham Brindley Place,Hilton Garden Inn Birmingham Brindley Place
Martinez,Martinez
Lancelot,Lancelot
Carlton on the Grand Canal,Carlton on the Grand Canal
Apartamentos Porto Drach,Apartamentos Porto Drach
Whala! Balmes,Whala! Balmes
Don Juan Center Hotel,Don Juan Center Hotel
DoubleTree by Hilton Hotel London Victoria,DoubleTree by Hilton Hotel London Victoria
Es Talaial Hotel/Aptos.,Es Talaial Hotel/Aptos.
Aquarium III,Aquarium III
Sunset Beach Resort And Spa,Sunset Beach Resort And Spa
Plaza Alta Hotel,Plaza Alta Hotel
Salou Pacific Apartamentos,Salou Pacific Apartamentos
Nh Dortmund,Nh Dortmund
Steigenberger Airport,Steigenberger Airport
Aimia,Aimia
Melia Tamarindos,Melia Tamarindos
Coral Costa Caribe All Inclusive,Coral Costa Caribe All Inclusive
Alborada,Alborada
Wow Topkapi Palace,Wow Topkapi Palace
Artemis Hotel Amsterdam,Artemis Hotel Amsterdam
Marina Palace,Marina Palace
DoubleTree by Hilton Hotel London Ealing,DoubleTree by Hilton Hotel London Ealing
Blaumar Hotel,Blaumar Hotel
Jurys Inn Sheffield,Jurys Inn Sheffield
Campanile Liverpool,Campanile Liverpool
Balmes,Balmes
Gardenia Plaza Resort,Gardenia Plaza Resort
Hotel Marhaba Royal Salem,Hotel Marhaba Royal Salem
Radisson Lexington,Radisson Lexington
Mandalena Hotel Apartments,Mandalena Hotel Apartments
Vita Sol Park,Vita Sol Park
InterCityHotel Mannheim,InterCityHotel Mannheim
Dolphin House,Dolphin House
Argos Hotel,Argos Hotel
Suite Hotel Castillo de Elba,Suite Hotel Castillo de Elba
Sheraton Algarve,Sheraton Algarve
Guanabara Park,Guanabara Park
Hotel Papillon Belvil,Hotel Papillon Belvil
Grand Ons Hotel,Grand Ons Hotel
Lanzarote Village,Lanzarote Village
Simbad,Simbad
Gran Hotel Playabella,Gran Hotel Playabella
Neptuno,Neptuno
Bewleys Hotel,Bewleys Hotel
Coral Beach,Coral Beach
Ivbergs Hotel Premium,Ivbergs Hotel Premium
Hilton Garden Inn Bristol City Centre,Hilton Garden Inn Bristol City Centre
Lordos Beach Hotel,Lordos Beach Hotel
LAS LILAS,LAS LILAS
Alkyon Hotel,Alkyon Hotel
Dragos Del Sur,Dragos Del Sur
Puerto Antilla Grand Hotel,Puerto Antilla Grand Hotel
Norfolk Plaza,Norfolk Plaza
Colorado Golf,Colorado Golf
El Faro,El Faro
Come Inn Berlin Kurfürstendamm Opera,Come Inn Berlin Kurfürstendamm Opera
Royal Sunset Beach Club,Royal Sunset Beach Club
The King Jason,The King Jason
San Cristobal,San Cristobal
Golden Tulip Vivaldi,Golden Tulip Vivaldi
Kenmare Bay Hotel,Kenmare Bay Hotel
Magnific Hotel,Magnific Hotel
Aloe Club Resort,Aloe Club Resort
Millennium Mayfair,Millennium Mayfair
Dilek Hotel And Apartments,Dilek Hotel And Apartments
Creatif Elephant Munich,Creatif Elephant Munich
Hotel Gromada Dom Ch?opa,Hotel Gromada Dom Ch?opa
BQ Andalucia Beach,BQ Andalucia Beach
Barcelo Marbella Golf,Barcelo Marbella Golf
Park Inn by Radisson York,Park Inn by Radisson York
Caledonia Udalla Park,Caledonia Udalla Park
Emperador,Emperador
Holiday Inn Bloomsbury,Holiday Inn Bloomsbury
Ivory Playa,Ivory Playa
Ramla Bay Resort,Ramla Bay Resort
Elysium Hotel,Elysium Hotel
Apts. Torre Belroy,Apts. Torre Belroy
Primasol Titanic Resort and Aqua Park,Primasol Titanic Resort and Aqua Park
Hotel Gromada Airport,Hotel Gromada Airport
The River Lee Hotel,The River Lee Hotel
Hotel Illa Dor,Hotel Illa Dor
Prima Life Hotel Karawan,Prima Life Hotel Karawan
Los Olivos Apartments,Los Olivos Apartments
Oceania Club and Spa,Oceania Club and Spa
Bilbaino,Bilbaino
Mercure Hotel Munchen Neuperlach Sud,Mercure Hotel Munchen Neuperlach Sud
City Garden,City Garden
Be Live Hamaca Complex,Be Live Hamaca Complex
Sheraton Warsaw,Sheraton Warsaw
Iberostar Ciudad Blanca,Iberostar Ciudad Blanca
Costa Brava Tossa,Costa Brava Tossa
Jurys Galway Inn,Jurys Galway Inn
Palmin Hotel,Palmin Hotel
Radisson Blu Resort Malta St Julians,Radisson Blu Resort Malta St Julians
Rey Carlos III,Rey Carlos III
Don Pepe,Don Pepe
Gran Camp De Mar,Gran Camp De Mar
Princesa Playa,Princesa Playa
Dorchester Hotel,Dorchester Hotel
Perdikia Hills,Perdikia Hills
Mercure Hotel Orbis Muenchen Perlach,Mercure Hotel Orbis Muenchen Perlach
Palmeiras De Santa Eulália,Palmeiras De Santa Eulália
Hilton London Metropole,Hilton London Metropole
Hyatt Regency Warsaw,Hyatt Regency Warsaw
Jurys Inn Edinburgh,Jurys Inn Edinburgh
Express By Holiday Inn DORTMUND,Express By Holiday Inn DORTMUND
Mitsis Roda Beach Resort And Spa,Mitsis Roda Beach Resort And Spa
Saturn Palace Resort,Saturn Palace Resort
Aegean Sky,Aegean Sky
Paradero II,Paradero II
Tropicana Grand Oasis,Tropicana Grand Oasis
Le Royal Meridien Beach Resort And Spa,Le Royal Meridien Beach Resort And Spa
Abrat,Abrat
Apartamentos Gemelos 22,Apartamentos Gemelos 22
Limerick Strand Hotel,Limerick Strand Hotel
Crystal de Luxe Resort and Spa,Crystal de Luxe Resort and Spa
Antigo Trovatore,Antigo Trovatore
Pestana Alvor Park Hotel Apartamento,Pestana Alvor Park Hotel Apartamento
Miraflores,Miraflores
Palm Garden Gumbet Hotel,Palm Garden Gumbet Hotel
Hotel Tarba,Hotel Tarba
Canfali,Canfali
Maryborough House Hotel,Maryborough House Hotel
Sunrise Grand Select Arabian Beach,Sunrise Grand Select Arabian Beach
Villa Florida,Villa Florida
Ballsbridge Hotel Dublin,Ballsbridge Hotel Dublin
Palmeras Garden,Palmeras Garden
Beverly Playa,Beverly Playa
Florida,Florida
Luar,Luar
Delfino,Delfino
VIK Club Coral Beach ,VIK Club Coral Beach 
Playacanaria,Playacanaria
Faro Jandia,Faro Jandia
Koala Garden Suites,Koala Garden Suites
Menorca Sea Club,Menorca Sea Club
Brooks,Brooks
Aptos Turbo Club,Aptos Turbo Club
Apex Temple Court Hotel,Apex Temple Court Hotel
Hilton Vilamoura As Cascatas Golf Resort and Spa,Hilton Vilamoura As Cascatas Golf Resort and Spa
Hotel do Cerro,Hotel do Cerro
Ramada Plaza Antalya,Ramada Plaza Antalya
Malmaison Belfast,Malmaison Belfast
Radisson Blu Hotel Athlone,Radisson Blu Hotel Athlone
Husa Chamartin,Husa Chamartin
Nh Marbella,Nh Marbella
Comfort Munich East,Comfort Munich East
Sheraton Arabellapark,Sheraton Arabellapark
CLC Sunningdale Village,CLC Sunningdale Village
Hostal Villasol,Hostal Villasol
Fantasia Deluxe Hotel,Fantasia Deluxe Hotel
Serin Hotel,Serin Hotel
Goya,Goya
Club Hotel Riu Waikiki,Club Hotel Riu Waikiki
Crystal Sunrise Queen Luxury Resort and Spa,Crystal Sunrise Queen Luxury Resort and Spa
Ifa Faro,Ifa Faro
Husa Princesa,Husa Princesa
Princesa Solar,Princesa Solar
Diamond Hill Resort,Diamond Hill Resort
Zante Plaza Aparthotel,Zante Plaza Aparthotel
Bungalows Montecarlo,Bungalows Montecarlo
Marquesa,Marquesa
H10 London Waterloo,H10 London Waterloo
Miramar,Miramar
Island Blue Hotel,Island Blue Hotel
Playa,Playa
Campanile Hotel Glasgow,Campanile Hotel Glasgow
Torre Yago,Torre Yago
Millennium Copthorne Tara,Millennium Copthorne Tara
Comfort Inn Vauxhall,Comfort Inn Vauxhall
Luna Perola do Algarve,Luna Perola do Algarve
Atlantis Duna Park By Be Live,Atlantis Duna Park By Be Live
Ac Alicante,Ac Alicante
Corus Hyde Park,Corus Hyde Park
Orlando Metropolitan Express,Orlando Metropolitan Express
Mercure Edinburgh City Princes Street Hotel,Mercure Edinburgh City Princes Street Hotel
Delfin Azul,Delfin Azul
Apartments Pineda Park,Apartments Pineda Park
Kingsway Hall,Kingsway Hall
Four Seasons Mumbai,Four Seasons Mumbai
Ten Hill Place Hotel,Ten Hill Place Hotel
Concorde De Luxe Resort,Concorde De Luxe Resort
Monopol,Monopol
Blau Punta Reina Resort,Blau Punta Reina Resort
Hotel Matejko,Hotel Matejko
The Peabody Orlando,The Peabody Orlando
Panormos Hotel,Panormos Hotel
Orion Beach,Orion Beach
Lyrath Estate Hotel Spa and Convention Centre,Lyrath Estate Hotel Spa and Convention Centre
Astoria,Astoria
Generator Hostel Dublin,Generator Hostel Dublin
Ramada Encore Birmingham City Centre,Ramada Encore Birmingham City Centre
Club Hotel Drago Park,Club Hotel Drago Park
Lapad Hotel,Lapad Hotel
Paradise Lago Taurito Hotel and Aquapark,Paradise Lago Taurito Hotel and Aquapark
Hotel Los Monteros,Hotel Los Monteros
Mercure Hotel Duisburg City,Mercure Hotel Duisburg City
Barcelo Sants,Barcelo Sants
Java,Java
Holiday Inn Express Dubai Airport,Holiday Inn Express Dubai Airport
Mustis Family Apartments,Mustis Family Apartments
Hotel Montemar,Hotel Montemar
Continental Frankfurt,Continental Frankfurt
Ramada City Center,Ramada City Center
Mirachoro I,Mirachoro I
Balmes,Balmes
Cerro Mar Garden,Cerro Mar Garden
Kilford Arms,Kilford Arms
Ibis Amsterdam Centre,Ibis Amsterdam Centre
Leonardo Royal Hotel Munich,Leonardo Royal Hotel Munich
Sheraton Athlone Hotel,Sheraton Athlone Hotel
Macdonald Manchester,Macdonald Manchester
DoubleTree by Hilton Hotel London Tower of London ,DoubleTree by Hilton Hotel London Tower of London 
Discovering Puerto de la Cruz,Discovering Puerto de la Cruz
Agamenon,Agamenon
Pullman Dortmund,Pullman Dortmund
Cidadela,Cidadela
Alcudia Garden,Alcudia Garden
Hacienda Puerta Del Sol,Hacienda Puerta Del Sol
Mercure Hotel Bonn Hardtberg,Mercure Hotel Bonn Hardtberg
Magnolia,Magnolia
Samira Club,Samira Club
Imperial Hotel,Imperial Hotel
Botanico Hotel,Botanico Hotel
Mavi Belce,Mavi Belce
Reina Isabel,Reina Isabel
The Tower,The Tower
Iberostar Suites Hotel Jardin del Sol,Iberostar Suites Hotel Jardin del Sol
Fereniki Complex,Fereniki Complex
Pestana Casino Park Hotel and Casino,Pestana Casino Park Hotel and Casino
Grand Majestic Plaza Hotel,Grand Majestic Plaza Hotel
Maristany,Maristany
Dausol I and II,Dausol I and II
Citymax Hotel Al Barsha Dubai,Citymax Hotel Al Barsha Dubai
Mirachoro II,Mirachoro II
HOTEL TITANIC PALACE,HOTEL TITANIC PALACE
Mayna,Mayna
Britannia,Britannia
Valentina Hotel,Valentina Hotel
Hostal Teide,Hostal Teide
Hotel Jurys Inn,Hotel Jurys Inn
Pennsylvania Hotel,Pennsylvania Hotel
HOTEL RELAIS ET SPA CHESSY ,HOTEL RELAIS ET SPA CHESSY 
Abba Garden,Abba Garden
Pineta Park Deluxe Hotel,Pineta Park Deluxe Hotel
Pembridge Palace,Pembridge Palace
Casa Maria,Casa Maria
Mitsis Laguna resort,Mitsis Laguna resort
Iberostar Marbella Coral Beach,Iberostar Marbella Coral Beach
Eurostars Mediterranea Plaza,Eurostars Mediterranea Plaza
Bella Vista,Bella Vista
Pueblo Marinero,Pueblo Marinero
Marconi,Marconi
HOTEL ROYAL PARK BOUTIQUE,HOTEL ROYAL PARK BOUTIQUE
Bella Sky Comwell Hotel Copenhagen,Bella Sky Comwell Hotel Copenhagen
Clarion Inn Lake Buena Vista,Clarion Inn Lake Buena Vista
Atarazanas,Atarazanas
Long Beach Resort and Spa,Long Beach Resort and Spa
Blue Bay Deluxe Waterpark Rhodes,Blue Bay Deluxe Waterpark Rhodes
AVNI KENSINGTON HOTEL,AVNI KENSINGTON HOTEL
Beach Club Font De Sa Cala,Beach Club Font De Sa Cala
Sandman Signature Hotel Newcastle,Sandman Signature Hotel Newcastle
Holiday Inn Belfast,Holiday Inn Belfast
Expo Hotel,Expo Hotel
Novotel Warsaw Centrum,Novotel Warsaw Centrum
Topaz,Topaz
Vasco Da Gama,Vasco Da Gama
Vincci Lella Baya,Vincci Lella Baya
Jardines De Nivaria,Jardines De Nivaria
Best Western Burns,Best Western Burns
Aquarium,Aquarium
Crowne Plaza Rome St. Peter's,Crowne Plaza Rome St. Peter's
Crowne Plaza Manchester Airport,Crowne Plaza Manchester Airport
Acuarium,Acuarium
Hotel Clement,Hotel Clement
Monteparaiso Apartments,Monteparaiso Apartments
Inntel Hotels Amsterdam Centre,Inntel Hotels Amsterdam Centre
Hotel Al Sole,Hotel Al Sole
Westgate Palace,Westgate Palace
Sol Milanos Pinguinos,Sol Milanos Pinguinos
Amrey Sant Pau,Amrey Sant Pau
H10 Itaca,H10 Itaca
Econotel Kensington Apartments,Econotel Kensington Apartments
Zeytinada Hotel,Zeytinada Hotel
Alcudia,Alcudia
Radisson Blu Hotel Bremen,Radisson Blu Hotel Bremen
Roca Negra Hotel and Spa,Roca Negra Hotel and Spa
Villa Real,Villa Real
Chaparil,Chaparil
Club Vista Bahia,Club Vista Bahia
Apartamentos La Kiki,Apartamentos La Kiki
Pestana Bay Ocean Aparthotel,Pestana Bay Ocean Aparthotel
Valencia Center,Valencia Center
Destina Hotel,Destina Hotel
Holiday Inn Express Zurich Airport,Holiday Inn Express Zurich Airport
Wyndham Orlando,Wyndham Orlando
Gleneagle Hotel,Gleneagle Hotel
Clanree Hotel,Clanree Hotel
El Puerto Hotel,El Puerto Hotel
Elba Palace Golf and Vital Hotel,Elba Palace Golf and Vital Hotel
Zeus Hotel,Zeus Hotel
Grande Villas Resort,Grande Villas Resort
Colina Dos Mouros,Colina Dos Mouros
Oasis Albir Playa,Oasis Albir Playa
Munamar Beach Residence,Munamar Beach Residence
Holiday Inn Express Dresden City Centre,Holiday Inn Express Dresden City Centre
Chrysos,Chrysos
Orchard Hotel,Orchard Hotel
Club Hotel Aguamarina,Club Hotel Aguamarina
Iberostar Grand Hotel El Mirador,Iberostar Grand Hotel El Mirador
Luna Falesia Mar,Luna Falesia Mar
Danubius Regents Park,Danubius Regents Park
Seabel Alhambra Beach Golf and Spa,Seabel Alhambra Beach Golf and Spa
Ibiza Mar,Ibiza Mar
Europark,Europark
Hilton Leeds City,Hilton Leeds City
THB El Higueron,THB El Higueron
Popi Star,Popi Star
Maspalomas Dunas,Maspalomas Dunas
Sheraton Jumeirah Beach Dubai,Sheraton Jumeirah Beach Dubai
Mutlu Apartments,Mutlu Apartments
Marina Playa,Marina Playa
Corner House Hotel,Corner House Hotel
OK Hotel Beach,OK Hotel Beach
Marte,Marte
Sofitel Agadir,Sofitel Agadir
Australia,Australia
Pinhal Do Sol,Pinhal Do Sol
Luz Y Mar,Luz Y Mar
Friends Koeln,Friends Koeln
Frigola Hotel,Frigola Hotel
H. Top Palm Beach,H. Top Palm Beach
Delta Hotel,Delta Hotel
Mar Calma,Mar Calma
Hi Pueblo Andaluz Hotel,Hi Pueblo Andaluz Hotel
Siesta Mar,Siesta Mar
Aguas de Ibiza,Aguas de Ibiza
Oylum Garden,Oylum Garden
Los Amigos Beach Club,Los Amigos Beach Club
Heywood House Hotel,Heywood House Hotel
Britannia Airport,Britannia Airport
Melia Milano,Melia Milano
Concorde El Salam Hotel,Concorde El Salam Hotel
Marie Kelly,Marie Kelly
El Caserio,El Caserio
Interpalace,Interpalace
Dromhall Hotel,Dromhall Hotel
Waterford Marina,Waterford Marina
Medplaya Piramide Salou,Medplaya Piramide Salou
Colina Mar,Colina Mar
Iberostar Club Cala Barca,Iberostar Club Cala Barca
Carvoeiro Sol,Carvoeiro Sol
Julian Club Hotel,Julian Club Hotel
Kefaluka Resort,Kefaluka Resort
Barcelo Punta Umbria Beach,Barcelo Punta Umbria Beach
Radisson Blu Hotel and Spa Cork,Radisson Blu Hotel and Spa Cork
Radisson Blu Carlton Hotel,Radisson Blu Carlton Hotel
Hilton Warsaw,Hilton Warsaw
Rosary Beach Hotel,Rosary Beach Hotel
La Cumbre,La Cumbre
Turner Hotel,Turner Hotel
Levante Beach,Levante Beach
Artto Hotel,Artto Hotel
Hilton Paddington,Hilton Paddington
Apartamentos Del Rey,Apartamentos Del Rey
Savoy Berlin,Savoy Berlin
Hilton London Canary Wharf,Hilton London Canary Wharf
Sanderson,Sanderson
Sentido Djerba Beach,Sentido Djerba Beach
Circus Circus Hotel,Circus Circus Hotel
Kapmar,Kapmar
Pinomar,Pinomar
Parador De Nerja,Parador De Nerja
Saratoga Hotel Mallorca ,Saratoga Hotel Mallorca 
Hilton Edinburgh Airport,Hilton Edinburgh Airport
Hilton Prague,Hilton Prague
Bay Street Hotel,Bay Street Hotel
Ludwig,Ludwig
Paradero,Paradero
Eurostars Regent,Eurostars Regent
Iberostar Saphir Palace,Iberostar Saphir Palace
Savvas Aparthotel,Savvas Aparthotel
Surmeli Efes,Surmeli Efes
Radisson Blu Sligo,Radisson Blu Sligo
Manor West Hotel,Manor West Hotel
Grand Villa Sol Apart,Grand Villa Sol Apart
Serhan,Serhan
